sample	library	run	r1_file	r2_file	reads_raw_r1	reads_raw_r2	reads_primers_fwd	reads_primers_rvs	reads_filtered_fwd	reads_filtered_rvs	reads_tabled	reads_chimera_checked	reads_tax.length_filtered
e03351-A-20240509	e03351-A-20240509	1	e03351-A_S1_L001_R1_001.fastq.gz	e03351-A_S1_L001_R2_001.fastq.gz	34709	34709	34236	34236	28978	28978	27197	26966	26966
e03351-B-20240509	e03351-B-20240509	1	e03351-B_S97_L001_R1_001.fastq.gz	e03351-B_S97_L001_R2_001.fastq.gz	18204	18204	17950	17950	14327	14327	13666	13569	13569
e03351-C-20240509	e03351-C-20240509	1	e03351-C_S193_L001_R1_001.fastq.gz	e03351-C_S193_L001_R2_001.fastq.gz	26989	26989	26599	26599	17907	17907	17616	17456	17456
e03352-A-20240509	e03352-A-20240509	1	e03352-A_S2_L001_R1_001.fastq.gz	e03352-A_S2_L001_R2_001.fastq.gz	14029	14029	13818	13818	13764	13764	13513	13432	13432
e03352-B-20240509	e03352-B-20240509	1	e03352-B_S98_L001_R1_001.fastq.gz	e03352-B_S98_L001_R2_001.fastq.gz	30125	30125	29710	29710	29590	29590	28542	28305	28305
e03352-C-20240509	e03352-C-20240509	1	e03352-C_S194_L001_R1_001.fastq.gz	e03352-C_S194_L001_R2_001.fastq.gz	25134	25134	24824	24824	24625	24625	24061	23830	23830
e03353-A-20240509	e03353-A-20240509	1	e03353-A_S3_L001_R1_001.fastq.gz	e03353-A_S3_L001_R2_001.fastq.gz	21525	21525	21222	21222	21130	21130	20513	20142	20142
e03353-B-20240509	e03353-B-20240509	1	e03353-B_S99_L001_R1_001.fastq.gz	e03353-B_S99_L001_R2_001.fastq.gz	27272	27272	26887	26887	26719	26719	26043	25313	25313
e03353-C-20240509	e03353-C-20240509	1	e03353-C_S195_L001_R1_001.fastq.gz	e03353-C_S195_L001_R2_001.fastq.gz	25450	25450	25088	25088	21375	21375	20968	20753	20753
e03354-A-20240509	e03354-A-20240509	1	e03354-A_S4_L001_R1_001.fastq.gz	e03354-A_S4_L001_R2_001.fastq.gz	15625	15625	15433	15433	15143	15143	14859	14809	14809
e03354-B-20240509	e03354-B-20240509	1	e03354-B_S100_L001_R1_001.fastq.gz	e03354-B_S100_L001_R2_001.fastq.gz	27534	27534	27124	27124	27015	27015	25653	25489	25489
e03354-C-20240509	e03354-C-20240509	1	e03354-C_S196_L001_R1_001.fastq.gz	e03354-C_S196_L001_R2_001.fastq.gz	29447	29447	29056	29056	14305	14305	13773	13760	13760
e03355-A-20240509	e03355-A-20240509	1	e03355-A_S5_L001_R1_001.fastq.gz	e03355-A_S5_L001_R2_001.fastq.gz	20911	20911	20575	20575	20477	20477	20150	19182	19181
e03355-B-20240509	e03355-B-20240509	1	e03355-B_S101_L001_R1_001.fastq.gz	e03355-B_S101_L001_R2_001.fastq.gz	30818	30818	30378	30378	30305	30305	29826	29501	29501
e03355-C-20240509	e03355-C-20240509	1	e03355-C_S197_L001_R1_001.fastq.gz	e03355-C_S197_L001_R2_001.fastq.gz	34016	34016	33534	33534	32683	32683	32152	31036	31036
e03356-A-20240509	e03356-A-20240509	1	e03356-A_S6_L001_R1_001.fastq.gz	e03356-A_S6_L001_R2_001.fastq.gz	15523	15523	15278	15278	13487	13487	11874	11687	11687
e03356-B-20240509	e03356-B-20240509	1	e03356-B_S102_L001_R1_001.fastq.gz	e03356-B_S102_L001_R2_001.fastq.gz	27312	27312	26884	26884	24605	24605	24302	23761	23759
e03356-C-20240509	e03356-C-20240509	1	e03356-C_S198_L001_R1_001.fastq.gz	e03356-C_S198_L001_R2_001.fastq.gz	27203	27203	26796	26796	25360	25360	24699	24387	24387
e03357-A-20240509	e03357-A-20240509	1	e03357-A_S7_L001_R1_001.fastq.gz	e03357-A_S7_L001_R2_001.fastq.gz	244	244	238	238	69	69	48	48	48
e03357-B-20240509	e03357-B-20240509	1	e03357-B_S103_L001_R1_001.fastq.gz	e03357-B_S103_L001_R2_001.fastq.gz	73	73	73	73	68	68	31	31	31
e03357-C-20240509	e03357-C-20240509	1	e03357-C_S199_L001_R1_001.fastq.gz	e03357-C_S199_L001_R2_001.fastq.gz	24733	24733	24385	24385	24232	24232	23912	23912	23912
e03358-A-20240509	e03358-A-20240509	1	e03358-A_S8_L001_R1_001.fastq.gz	e03358-A_S8_L001_R2_001.fastq.gz	15335	15335	15117	15117	15054	15054	14754	14600	14600
e03358-B-20240509	e03358-B-20240509	1	e03358-B_S104_L001_R1_001.fastq.gz	e03358-B_S104_L001_R2_001.fastq.gz	15900	15900	15645	15645	15568	15568	15027	14745	14745
e03358-C-20240509	e03358-C-20240509	1	e03358-C_S200_L001_R1_001.fastq.gz	e03358-C_S200_L001_R2_001.fastq.gz	15052	15052	14869	14869	4628	4628	4116	4098	4098
e03359-A-20240509	e03359-A-20240509	1	e03359-A_S10_L001_R1_001.fastq.gz	e03359-A_S10_L001_R2_001.fastq.gz	25436	25436	25079	25079	24992	24992	24255	23973	23973
e03359-B-20240509	e03359-B-20240509	1	e03359-B_S106_L001_R1_001.fastq.gz	e03359-B_S106_L001_R2_001.fastq.gz	29655	29655	29258	29258	29130	29130	27949	27346	27346
e03359-C-20240509	e03359-C-20240509	1	e03359-C_S202_L001_R1_001.fastq.gz	e03359-C_S202_L001_R2_001.fastq.gz	30292	30292	29863	29863	29342	29342	28429	27934	27934
e03360-A-20240509	e03360-A-20240509	1	e03360-A_S11_L001_R1_001.fastq.gz	e03360-A_S11_L001_R2_001.fastq.gz	40081	40081	39572	39572	39413	39413	38026	37503	37500
e03360-B-20240509	e03360-B-20240509	1	e03360-B_S107_L001_R1_001.fastq.gz	e03360-B_S107_L001_R2_001.fastq.gz	35987	35987	35544	35544	25579	25579	24504	22087	22087
e03360-C-20240509	e03360-C-20240509	1	e03360-C_S203_L001_R1_001.fastq.gz	e03360-C_S203_L001_R2_001.fastq.gz	37070	37070	36569	36569	26427	26427	25844	25480	25480
e03361-A-20240509	e03361-A-20240509	1	e03361-A_S12_L001_R1_001.fastq.gz	e03361-A_S12_L001_R2_001.fastq.gz	37409	37409	36876	36876	36738	36738	36012	34934	34934
e03361-B-20240509	e03361-B-20240509	1	e03361-B_S108_L001_R1_001.fastq.gz	e03361-B_S108_L001_R2_001.fastq.gz	32151	32151	31700	31700	31593	31593	30563	30353	30353
e03361-C-20240509	e03361-C-20240509	1	e03361-C_S204_L001_R1_001.fastq.gz	e03361-C_S204_L001_R2_001.fastq.gz	35706	35706	35221	35221	32364	32364	31814	31557	31557
e03362-A-20240509	e03362-A-20240509	1	e03362-A_S13_L001_R1_001.fastq.gz	e03362-A_S13_L001_R2_001.fastq.gz	38074	38074	37518	37518	37405	37405	36723	36067	36065
e03362-B-20240509	e03362-B-20240509	1	e03362-B_S109_L001_R1_001.fastq.gz	e03362-B_S109_L001_R2_001.fastq.gz	35635	35635	35076	35076	34951	34951	34172	33549	33549
e03362-C-20240509	e03362-C-20240509	1	e03362-C_S205_L001_R1_001.fastq.gz	e03362-C_S205_L001_R2_001.fastq.gz	40297	40297	39750	39750	39630	39630	39119	38713	38708
e03363-A-20240509	e03363-A-20240509	1	e03363-A_S14_L001_R1_001.fastq.gz	e03363-A_S14_L001_R2_001.fastq.gz	38040	38040	37461	37461	37338	37338	36772	35844	35844
e03363-B-20240509	e03363-B-20240509	1	e03363-B_S110_L001_R1_001.fastq.gz	e03363-B_S110_L001_R2_001.fastq.gz	36833	36833	36266	36266	36146	36146	35510	34624	34624
e03363-C-20240509	e03363-C-20240509	1	e03363-C_S206_L001_R1_001.fastq.gz	e03363-C_S206_L001_R2_001.fastq.gz	42297	42297	41661	41661	41550	41550	40875	39706	39706
e03364-A-20240509	e03364-A-20240509	1	e03364-A_S15_L001_R1_001.fastq.gz	e03364-A_S15_L001_R2_001.fastq.gz	37279	37279	36772	36772	36606	36606	35766	35462	35460
e03364-B-20240509	e03364-B-20240509	1	e03364-B_S111_L001_R1_001.fastq.gz	e03364-B_S111_L001_R2_001.fastq.gz	35983	35983	35474	35474	35315	35315	33875	33511	33509
e03364-C-20240509	e03364-C-20240509	1	e03364-C_S207_L001_R1_001.fastq.gz	e03364-C_S207_L001_R2_001.fastq.gz	23209	23209	22898	22898	22821	22821	22430	22086	22086
e03365-A-20240509	e03365-A-20240509	1	e03365-A_S16_L001_R1_001.fastq.gz	e03365-A_S16_L001_R2_001.fastq.gz	16742	16742	16526	16526	16433	16433	15761	15443	15443
e03365-B-20240509	e03365-B-20240509	1	e03365-B_S112_L001_R1_001.fastq.gz	e03365-B_S112_L001_R2_001.fastq.gz	15883	15883	15647	15647	15559	15559	15110	14838	14838
e03365-C-20240509	e03365-C-20240509	1	e03365-C_S208_L001_R1_001.fastq.gz	e03365-C_S208_L001_R2_001.fastq.gz	16400	16400	16146	16146	16043	16043	15588	15346	15346
e03366-A-20240509	e03366-A-20240509	1	e03366-A_S17_L001_R1_001.fastq.gz	e03366-A_S17_L001_R2_001.fastq.gz	37912	37912	37377	37377	37257	37257	36298	36047	36046
e03366-B-20240509	e03366-B-20240509	1	e03366-B_S113_L001_R1_001.fastq.gz	e03366-B_S113_L001_R2_001.fastq.gz	17336	17336	17106	17106	16657	16657	16308	16227	16227
e03366-C-20240509	e03366-C-20240509	1	e03366-C_S209_L001_R1_001.fastq.gz	e03366-C_S209_L001_R2_001.fastq.gz	27940	27940	27594	27594	27521	27521	27094	26953	26953
e03367-A-20240509	e03367-A-20240509	1	e03367-A_S18_L001_R1_001.fastq.gz	e03367-A_S18_L001_R2_001.fastq.gz	34782	34782	34339	34339	34182	34182	33009	32604	32604
e03367-B-20240509	e03367-B-20240509	1	e03367-B_S114_L001_R1_001.fastq.gz	e03367-B_S114_L001_R2_001.fastq.gz	31023	31023	30619	30619	30457	30457	29353	28649	28649
e03367-C-20240509	e03367-C-20240509	1	e03367-C_S210_L001_R1_001.fastq.gz	e03367-C_S210_L001_R2_001.fastq.gz	32875	32875	32471	32471	32366	32366	31739	30973	30973
e03368-A-20240509	e03368-A-20240509	1	e03368-A_S19_L001_R1_001.fastq.gz	e03368-A_S19_L001_R2_001.fastq.gz	30669	30669	30275	30275	29781	29781	27665	27324	27324
e03368-B-20240509	e03368-B-20240509	1	e03368-B_S115_L001_R1_001.fastq.gz	e03368-B_S115_L001_R2_001.fastq.gz	26922	26922	26547	26547	25786	25786	24742	24358	24358
e03368-C-20240509	e03368-C-20240509	1	e03368-C_S211_L001_R1_001.fastq.gz	e03368-C_S211_L001_R2_001.fastq.gz	25463	25463	25122	25122	8901	8901	8689	8497	8497
e03369-A-20240509	e03369-A-20240509	1	e03369-A_S20_L001_R1_001.fastq.gz	e03369-A_S20_L001_R2_001.fastq.gz	28957	28957	28550	28550	28462	28462	27370	27094	27094
e03369-B-20240509	e03369-B-20240509	1	e03369-B_S116_L001_R1_001.fastq.gz	e03369-B_S116_L001_R2_001.fastq.gz	27360	27360	26967	26967	26849	26849	25381	24910	24910
e03369-C-20240509	e03369-C-20240509	1	e03369-C_S212_L001_R1_001.fastq.gz	e03369-C_S212_L001_R2_001.fastq.gz	25232	25232	24931	24931	23657	23657	22590	22337	22337
e03370-A-20240509	e03370-A-20240509	1	e03370-A_S21_L001_R1_001.fastq.gz	e03370-A_S21_L001_R2_001.fastq.gz	34084	34084	33600	33600	33461	33461	32073	31398	31398
e03370-B-20240509	e03370-B-20240509	1	e03370-B_S117_L001_R1_001.fastq.gz	e03370-B_S117_L001_R2_001.fastq.gz	33600	33600	33148	33148	33019	33019	30886	30602	30602
e03370-C-20240509	e03370-C-20240509	1	e03370-C_S213_L001_R1_001.fastq.gz	e03370-C_S213_L001_R2_001.fastq.gz	36536	36536	36021	36021	35921	35921	34675	34357	34357
e03371-A-20240509	e03371-A-20240509	1	e03371-A_S22_L001_R1_001.fastq.gz	e03371-A_S22_L001_R2_001.fastq.gz	27137	27137	26785	26785	26673	26673	25782	25404	25404
e03371-B-20240509	e03371-B-20240509	1	e03371-B_S118_L001_R1_001.fastq.gz	e03371-B_S118_L001_R2_001.fastq.gz	28901	28901	28451	28451	28293	28293	27157	26641	26640
e03371-C-20240509	e03371-C-20240509	1	e03371-C_S214_L001_R1_001.fastq.gz	e03371-C_S214_L001_R2_001.fastq.gz	30454	30454	30008	30008	29928	29928	29532	29354	29354
e03372-A-20240509	e03372-A-20240509	1	e03372-A_S23_L001_R1_001.fastq.gz	e03372-A_S23_L001_R2_001.fastq.gz	43052	43052	42445	42445	42010	42010	41090	40444	40443
e03372-B-20240509	e03372-B-20240509	1	e03372-B_S119_L001_R1_001.fastq.gz	e03372-B_S119_L001_R2_001.fastq.gz	40207	40207	39664	39664	39479	39479	37852	37577	37577
e03372-C-20240509	e03372-C-20240509	1	e03372-C_S215_L001_R1_001.fastq.gz	e03372-C_S215_L001_R2_001.fastq.gz	40529	40529	39980	39980	39824	39824	38976	38391	38391
e03373-A-20240509	e03373-A-20240509	1	e03373-A_S25_L001_R1_001.fastq.gz	e03373-A_S25_L001_R2_001.fastq.gz	7702	7702	7566	7566	6570	6570	6501	6501	6501
e03373-B-20240509	e03373-B-20240509	1	e03373-B_S121_L001_R1_001.fastq.gz	e03373-B_S121_L001_R2_001.fastq.gz	20746	20746	20377	20377	345	345	53	53	53
e03373-C-20240509	e03373-C-20240509	1	e03373-C_S217_L001_R1_001.fastq.gz	e03373-C_S217_L001_R2_001.fastq.gz	192	192	187	187	123	123	85	85	85
e03374-A-20240509	e03374-A-20240509	1	e03374-A_S26_L001_R1_001.fastq.gz	e03374-A_S26_L001_R2_001.fastq.gz	33272	33272	32798	32798	32657	32657	31578	31451	31451
e03374-B-20240509	e03374-B-20240509	1	e03374-B_S122_L001_R1_001.fastq.gz	e03374-B_S122_L001_R2_001.fastq.gz	16035	16035	15807	15807	15748	15748	14751	14644	14644
e03374-C-20240509	e03374-C-20240509	1	e03374-C_S218_L001_R1_001.fastq.gz	e03374-C_S218_L001_R2_001.fastq.gz	17603	17603	17389	17389	17333	17333	16993	16863	16863
e03375-A-20240509	e03375-A-20240509	1	e03375-A_S27_L001_R1_001.fastq.gz	e03375-A_S27_L001_R2_001.fastq.gz	27849	27849	27468	27468	27373	27373	26162	26038	26038
e03375-B-20240509	e03375-B-20240509	1	e03375-B_S123_L001_R1_001.fastq.gz	e03375-B_S123_L001_R2_001.fastq.gz	25379	25379	24993	24993	16113	16113	15081	14837	14835
e03375-C-20240509	e03375-C-20240509	1	e03375-C_S219_L001_R1_001.fastq.gz	e03375-C_S219_L001_R2_001.fastq.gz	15243	15243	15041	15041	11872	11872	11528	11348	11348
e03376-A-20240509	e03376-A-20240509	1	e03376-A_S28_L001_R1_001.fastq.gz	e03376-A_S28_L001_R2_001.fastq.gz	26278	26278	25898	25898	25758	25758	24348	24248	24248
e03376-B-20240509	e03376-B-20240509	1	e03376-B_S124_L001_R1_001.fastq.gz	e03376-B_S124_L001_R2_001.fastq.gz	14677	14677	14451	14451	14394	14394	13696	13378	13352
e03376-C-20240509	e03376-C-20240509	1	e03376-C_S220_L001_R1_001.fastq.gz	e03376-C_S220_L001_R2_001.fastq.gz	16259	16259	16065	16065	16009	16009	15519	15417	15417
e03377-A-20240509	e03377-A-20240509	1	e03377-A_S29_L001_R1_001.fastq.gz	e03377-A_S29_L001_R2_001.fastq.gz	22738	22738	22430	22430	22047	22047	19084	17905	17905
e03377-B-20240509	e03377-B-20240509	1	e03377-B_S125_L001_R1_001.fastq.gz	e03377-B_S125_L001_R2_001.fastq.gz	27227	27227	26809	26809	26716	26716	23691	23643	23643
e03377-C-20240509	e03377-C-20240509	1	e03377-C_S221_L001_R1_001.fastq.gz	e03377-C_S221_L001_R2_001.fastq.gz	19313	19313	19058	19058	19004	19004	18287	17751	17751
e03378-A-20240509	e03378-A-20240509	1	e03378-A_S30_L001_R1_001.fastq.gz	e03378-A_S30_L001_R2_001.fastq.gz	17460	17460	17218	17218	17177	17177	16911	16441	16441
e03378-B-20240509	e03378-B-20240509	1	e03378-B_S126_L001_R1_001.fastq.gz	e03378-B_S126_L001_R2_001.fastq.gz	31819	31819	31290	31290	27435	27435	26759	26472	26472
e03378-C-20240509	e03378-C-20240509	1	e03378-C_S222_L001_R1_001.fastq.gz	e03378-C_S222_L001_R2_001.fastq.gz	13072	13072	12892	12892	12844	12844	12727	12694	12694
e03379-A-20240509	e03379-A-20240509	1	e03379-A_S31_L001_R1_001.fastq.gz	e03379-A_S31_L001_R2_001.fastq.gz	22225	22225	21907	21907	21040	21040	20280	19669	19669
e03379-B-20240509	e03379-B-20240509	1	e03379-B_S127_L001_R1_001.fastq.gz	e03379-B_S127_L001_R2_001.fastq.gz	39181	39181	38623	38623	38501	38501	35610	35230	35230
e03379-C-20240509	e03379-C-20240509	1	e03379-C_S223_L001_R1_001.fastq.gz	e03379-C_S223_L001_R2_001.fastq.gz	10931	10931	10794	10794	10760	10760	10097	10097	10097
e03380-A-20240509	e03380-A-20240509	1	e03380-A_S32_L001_R1_001.fastq.gz	e03380-A_S32_L001_R2_001.fastq.gz	1704	1704	1673	1673	88	88	54	54	27
e03380-B-20240509	e03380-B-20240509	1	e03380-B_S128_L001_R1_001.fastq.gz	e03380-B_S128_L001_R2_001.fastq.gz	15413	15413	15143	15143	12832	12832	12685	12675	12675
e03380-C-20240509	e03380-C-20240509	1	e03380-C_S224_L001_R1_001.fastq.gz	e03380-C_S224_L001_R2_001.fastq.gz	81	81	78	78	33	33	20	20	20
e03381-A-20240509	e03381-A-20240509	1	e03381-A_S33_L001_R1_001.fastq.gz	e03381-A_S33_L001_R2_001.fastq.gz	8059	8059	7954	7954	7660	7660	7457	7347	7347
e03381-B-20240509	e03381-B-20240509	1	e03381-B_S129_L001_R1_001.fastq.gz	e03381-B_S129_L001_R2_001.fastq.gz	15840	15840	15643	15643	15590	15590	15162	15032	15032
e03381-C-20240509	e03381-C-20240509	1	e03381-C_S225_L001_R1_001.fastq.gz	e03381-C_S225_L001_R2_001.fastq.gz	19659	19659	19375	19375	19231	19231	18797	18326	18326
e03382-A-20240509	e03382-A-20240509	1	e03382-A_S34_L001_R1_001.fastq.gz	e03382-A_S34_L001_R2_001.fastq.gz	25963	25963	25520	25520	25444	25444	25030	24601	24601
e03382-B-20240509	e03382-B-20240509	1	e03382-B_S130_L001_R1_001.fastq.gz	e03382-B_S130_L001_R2_001.fastq.gz	19886	19886	19554	19554	19494	19494	19038	18576	18576
e03382-C-20240509	e03382-C-20240509	1	e03382-C_S226_L001_R1_001.fastq.gz	e03382-C_S226_L001_R2_001.fastq.gz	21292	21292	20987	20987	20938	20938	20601	20289	20289
e03383-A-20240509	e03383-A-20240509	1	e03383-A_S35_L001_R1_001.fastq.gz	e03383-A_S35_L001_R2_001.fastq.gz	35577	35577	35082	35082	34896	34896	32522	31893	31893
e03383-B-20240509	e03383-B-20240509	1	e03383-B_S131_L001_R1_001.fastq.gz	e03383-B_S131_L001_R2_001.fastq.gz	28943	28943	28563	28563	21864	21864	19877	19448	19448
e03383-C-20240509	e03383-C-20240509	1	e03383-C_S227_L001_R1_001.fastq.gz	e03383-C_S227_L001_R2_001.fastq.gz	27825	27825	27400	27400	13038	13038	12748	12583	12583
e03384-A-20240509	e03384-A-20240509	1	e03384-A_S37_L001_R1_001.fastq.gz	e03384-A_S37_L001_R2_001.fastq.gz	33929	33929	33430	33430	31902	31902	30213	29938	29938
e03384-B-20240509	e03384-B-20240509	1	e03384-B_S133_L001_R1_001.fastq.gz	e03384-B_S133_L001_R2_001.fastq.gz	31287	31287	30831	30831	30672	30672	26933	26526	26526
e03384-C-20240509	e03384-C-20240509	1	e03384-C_S229_L001_R1_001.fastq.gz	e03384-C_S229_L001_R2_001.fastq.gz	3161	3161	3117	3117	2972	2972	44	44	44
e03385-A-20240509	e03385-A-20240509	1	e03385-A_S38_L001_R1_001.fastq.gz	e03385-A_S38_L001_R2_001.fastq.gz	34963	34963	34438	34438	34157	34157	32969	32387	32387
e03385-B-20240509	e03385-B-20240509	1	e03385-B_S134_L001_R1_001.fastq.gz	e03385-B_S134_L001_R2_001.fastq.gz	29974	29974	29579	29579	29441	29441	27802	27516	27516
e03385-C-20240509	e03385-C-20240509	1	e03385-C_S230_L001_R1_001.fastq.gz	e03385-C_S230_L001_R2_001.fastq.gz	37935	37935	37409	37409	37266	37266	36032	35599	35597
e03386-A-20240509	e03386-A-20240509	1	e03386-A_S39_L001_R1_001.fastq.gz	e03386-A_S39_L001_R2_001.fastq.gz	25672	25672	25349	25349	25152	25152	23722	23654	23652
e03386-B-20240509	e03386-B-20240509	1	e03386-B_S135_L001_R1_001.fastq.gz	e03386-B_S135_L001_R2_001.fastq.gz	17490	17490	17271	17271	17077	17077	12019	11907	11907
e03386-C-20240509	e03386-C-20240509	1	e03386-C_S231_L001_R1_001.fastq.gz	e03386-C_S231_L001_R2_001.fastq.gz	29385	29385	28971	28971	28875	28875	27404	26813	26810
e03387-A-20240509	e03387-A-20240509	1	e03387-A_S40_L001_R1_001.fastq.gz	e03387-A_S40_L001_R2_001.fastq.gz	32964	32964	32503	32503	29964	29964	29147	28760	28760
e03387-B-20240509	e03387-B-20240509	1	e03387-B_S136_L001_R1_001.fastq.gz	e03387-B_S136_L001_R2_001.fastq.gz	28581	28581	28162	28162	25783	25783	24780	24052	24052
e03387-C-20240509	e03387-C-20240509	1	e03387-C_S232_L001_R1_001.fastq.gz	e03387-C_S232_L001_R2_001.fastq.gz	20096	20096	19836	19836	19714	19714	19168	18974	18974
e03388-A-20240509	e03388-A-20240509	1	e03388-A_S41_L001_R1_001.fastq.gz	e03388-A_S41_L001_R2_001.fastq.gz	21628	21628	21325	21325	21196	21196	20681	20390	20390
e03388-B-20240509	e03388-B-20240509	1	e03388-B_S137_L001_R1_001.fastq.gz	e03388-B_S137_L001_R2_001.fastq.gz	29728	29728	29304	29304	27167	27167	26308	25782	25782
e03388-C-20240509	e03388-C-20240509	1	e03388-C_S233_L001_R1_001.fastq.gz	e03388-C_S233_L001_R2_001.fastq.gz	21037	21037	20755	20755	20276	20276	19824	19520	19520
e03389-A-20240509	e03389-A-20240509	1	e03389-A_S42_L001_R1_001.fastq.gz	e03389-A_S42_L001_R2_001.fastq.gz	16190	16190	15984	15984	15921	15921	15614	15444	15444
e03389-B-20240509	e03389-B-20240509	1	e03389-B_S138_L001_R1_001.fastq.gz	e03389-B_S138_L001_R2_001.fastq.gz	24542	24542	24198	24198	24097	24097	23637	23211	23211
e03389-C-20240509	e03389-C-20240509	1	e03389-C_S234_L001_R1_001.fastq.gz	e03389-C_S234_L001_R2_001.fastq.gz	24546	24546	24240	24240	20737	20737	20454	20174	20174
e03390-A-20240509	e03390-A-20240509	1	e03390-A_S43_L001_R1_001.fastq.gz	e03390-A_S43_L001_R2_001.fastq.gz	1303	1303	1059	1059	167	167	115	114	114
e03390-B-20240509	e03390-B-20240509	1	e03390-B_S139_L001_R1_001.fastq.gz	e03390-B_S139_L001_R2_001.fastq.gz	8994	8994	8836	8836	237	237	40	40	40
e03390-C-20240509	e03390-C-20240509	1	e03390-C_S235_L001_R1_001.fastq.gz	e03390-C_S235_L001_R2_001.fastq.gz	24016	24016	23689	23689	309	309	44	41	41
e03391-A-20240509	e03391-A-20240509	1	e03391-A_S44_L001_R1_001.fastq.gz	e03391-A_S44_L001_R2_001.fastq.gz	12504	12504	12303	12303	12238	12238	11210	11167	11167
e03391-B-20240509	e03391-B-20240509	1	e03391-B_S140_L001_R1_001.fastq.gz	e03391-B_S140_L001_R2_001.fastq.gz	13112	13112	12921	12921	12768	12768	6641	6640	6640
e03391-C-20240509	e03391-C-20240509	1	e03391-C_S236_L001_R1_001.fastq.gz	e03391-C_S236_L001_R2_001.fastq.gz	4239	4239	4187	4187	4040	4040	10	10	10
e03392-A-20240509	e03392-A-20240509	1	e03392-A_S45_L001_R1_001.fastq.gz	e03392-A_S45_L001_R2_001.fastq.gz	659	659	650	650	609	609	448	448	448
e03392-B-20240509	e03392-B-20240509	1	e03392-B_S141_L001_R1_001.fastq.gz	e03392-B_S141_L001_R2_001.fastq.gz	868	868	854	854	840	840	523	523	523
e03392-C-20240509	e03392-C-20240509	1	e03392-C_S237_L001_R1_001.fastq.gz	e03392-C_S237_L001_R2_001.fastq.gz	275	275	267	267	229	229	0	0	0
e03393-A-20240509	e03393-A-20240509	1	e03393-A_S46_L001_R1_001.fastq.gz	e03393-A_S46_L001_R2_001.fastq.gz	8048	8048	7937	7937	6762	6762	414	412	412
e03393-B-20240509	e03393-B-20240509	1	e03393-B_S142_L001_R1_001.fastq.gz	e03393-B_S142_L001_R2_001.fastq.gz	10184	10184	10039	10039	9869	9869	11	11	11
e03393-C-20240509	e03393-C-20240509	1	e03393-C_S238_L001_R1_001.fastq.gz	e03393-C_S238_L001_R2_001.fastq.gz	5754	5754	5681	5681	5582	5582	1389	1389	1389
e03394-A-20240509	e03394-A-20240509	1	e03394-A_S47_L001_R1_001.fastq.gz	e03394-A_S47_L001_R2_001.fastq.gz	29048	29048	28661	28661	23668	23668	21922	21218	21218
e03394-B-20240509	e03394-B-20240509	1	e03394-B_S143_L001_R1_001.fastq.gz	e03394-B_S143_L001_R2_001.fastq.gz	27508	27508	27125	27125	26956	26956	24900	24626	24626
e03394-C-20240509	e03394-C-20240509	1	e03394-C_S239_L001_R1_001.fastq.gz	e03394-C_S239_L001_R2_001.fastq.gz	27209	27209	26859	26859	24615	24615	21550	21380	21380
e03395-A-20240509	e03395-A-20240509	1	e03395-A_S48_L001_R1_001.fastq.gz	e03395-A_S48_L001_R2_001.fastq.gz	26628	26628	26275	26275	25731	25731	23375	23312	23312
e03395-B-20240509	e03395-B-20240509	1	e03395-B_S144_L001_R1_001.fastq.gz	e03395-B_S144_L001_R2_001.fastq.gz	20934	20934	20654	20654	20468	20468	10144	10110	10110
e03395-C-20240509	e03395-C-20240509	1	e03395-C_S240_L001_R1_001.fastq.gz	e03395-C_S240_L001_R2_001.fastq.gz	24044	24044	23700	23700	23380	23380	20172	20172	20172
e03396-A-20240509	e03396-A-20240509	1	e03396-A_S50_L001_R1_001.fastq.gz	e03396-A_S50_L001_R2_001.fastq.gz	16369	16369	16113	16113	14101	14101	9917	9917	9917
e03396-B-20240509	e03396-B-20240509	1	e03396-B_S146_L001_R1_001.fastq.gz	e03396-B_S146_L001_R2_001.fastq.gz	10575	10575	10418	10418	10190	10190	14	14	14
e03396-C-20240509	e03396-C-20240509	1	e03396-C_S242_L001_R1_001.fastq.gz	e03396-C_S242_L001_R2_001.fastq.gz	21231	21231	20934	20934	20743	20743	17279	16976	16976
e03397-A-20240509	e03397-A-20240509	1	e03397-A_S51_L001_R1_001.fastq.gz	e03397-A_S51_L001_R2_001.fastq.gz	14839	14839	14648	14648	1201	1201	1016	1016	1016
e03397-B-20240509	e03397-B-20240509	1	e03397-B_S147_L001_R1_001.fastq.gz	e03397-B_S147_L001_R2_001.fastq.gz	29032	29032	28616	28616	355	355	145	145	145
e03397-C-20240509	e03397-C-20240509	1	e03397-C_S243_L001_R1_001.fastq.gz	e03397-C_S243_L001_R2_001.fastq.gz	25793	25793	25167	25167	748	748	71	71	71
e03398-A-20240509	e03398-A-20240509	1	e03398-A_S52_L001_R1_001.fastq.gz	e03398-A_S52_L001_R2_001.fastq.gz	35784	35784	35283	35283	34358	34358	30979	29911	29911
e03398-B-20240509	e03398-B-20240509	1	e03398-B_S148_L001_R1_001.fastq.gz	e03398-B_S148_L001_R2_001.fastq.gz	32923	32923	32441	32441	28231	28231	26262	25355	25355
e03398-C-20240509	e03398-C-20240509	1	e03398-C_S244_L001_R1_001.fastq.gz	e03398-C_S244_L001_R2_001.fastq.gz	34192	34192	33746	33746	33474	33474	31388	30198	30197
e03399-A-20240509	e03399-A-20240509	1	e03399-A_S53_L001_R1_001.fastq.gz	e03399-A_S53_L001_R2_001.fastq.gz	34461	34461	33977	33977	33794	33794	32571	31407	31407
e03399-B-20240509	e03399-B-20240509	1	e03399-B_S149_L001_R1_001.fastq.gz	e03399-B_S149_L001_R2_001.fastq.gz	30391	30391	29970	29970	29784	29784	26261	25572	25572
e03399-C-20240509	e03399-C-20240509	1	e03399-C_S245_L001_R1_001.fastq.gz	e03399-C_S245_L001_R2_001.fastq.gz	36212	36212	35759	35759	35591	35591	33318	31908	31908
e03400-A-20240509	e03400-A-20240509	1	e03400-A_S54_L001_R1_001.fastq.gz	e03400-A_S54_L001_R2_001.fastq.gz	29500	29500	29097	29097	28640	28640	27292	26666	26666
e03400-B-20240509	e03400-B-20240509	1	e03400-B_S150_L001_R1_001.fastq.gz	e03400-B_S150_L001_R2_001.fastq.gz	28656	28656	28281	28281	28140	28140	23457	22971	22971
e03400-C-20240509	e03400-C-20240509	1	e03400-C_S246_L001_R1_001.fastq.gz	e03400-C_S246_L001_R2_001.fastq.gz	35664	35664	35177	35177	22348	22348	21440	20925	20925
e03401-A-20240509	e03401-A-20240509	1	e03401-A_S55_L001_R1_001.fastq.gz	e03401-A_S55_L001_R2_001.fastq.gz	27046	27046	26678	26678	26139	26139	21248	20924	20924
e03401-B-20240509	e03401-B-20240509	1	e03401-B_S151_L001_R1_001.fastq.gz	e03401-B_S151_L001_R2_001.fastq.gz	24869	24869	24446	24446	16292	16292	9139	9114	9114
e03401-C-20240509	e03401-C-20240509	1	e03401-C_S247_L001_R1_001.fastq.gz	e03401-C_S247_L001_R2_001.fastq.gz	29513	29513	29134	29134	25608	25608	21817	21762	21762
e03402-A-20240509	e03402-A-20240509	1	e03402-A_S56_L001_R1_001.fastq.gz	e03402-A_S56_L001_R2_001.fastq.gz	3980	3980	3921	3921	3727	3727	36	36	36
e03402-B-20240509	e03402-B-20240509	1	e03402-B_S152_L001_R1_001.fastq.gz	e03402-B_S152_L001_R2_001.fastq.gz	8895	8895	8771	8771	8707	8707	6380	6375	6374
e03402-C-20240509	e03402-C-20240509	1	e03402-C_S248_L001_R1_001.fastq.gz	e03402-C_S248_L001_R2_001.fastq.gz	19937	19937	19657	19657	19591	19591	18488	18477	18477
e03403-A-20240509	e03403-A-20240509	1	e03403-A_S57_L001_R1_001.fastq.gz	e03403-A_S57_L001_R2_001.fastq.gz	24522	24522	24165	24165	23456	23456	16135	16135	16135
e03403-B-20240509	e03403-B-20240509	1	e03403-B_S153_L001_R1_001.fastq.gz	e03403-B_S153_L001_R2_001.fastq.gz	7229	7229	7136	7136	7005	7005	35	35	35
e03403-C-20240509	e03403-C-20240509	1	e03403-C_S249_L001_R1_001.fastq.gz	e03403-C_S249_L001_R2_001.fastq.gz	17731	17731	17501	17501	17422	17422	14615	14466	14466
e03404-A-20240509	e03404-A-20240509	1	e03404-A_S58_L001_R1_001.fastq.gz	e03404-A_S58_L001_R2_001.fastq.gz	26123	26123	25700	25700	25586	25586	24855	24047	24047
e03404-B-20240509	e03404-B-20240509	1	e03404-B_S154_L001_R1_001.fastq.gz	e03404-B_S154_L001_R2_001.fastq.gz	22683	22683	22326	22326	22248	22248	21330	20938	20938
e03404-C-20240509	e03404-C-20240509	1	e03404-C_S250_L001_R1_001.fastq.gz	e03404-C_S250_L001_R2_001.fastq.gz	23506	23506	23162	23162	23086	23086	21984	21322	21322
e03405-A-20240509	e03405-A-20240509	1	e03405-A_S59_L001_R1_001.fastq.gz	e03405-A_S59_L001_R2_001.fastq.gz	27260	27260	26924	26924	26413	26413	24629	24256	24256
e03405-B-20240509	e03405-B-20240509	1	e03405-B_S155_L001_R1_001.fastq.gz	e03405-B_S155_L001_R2_001.fastq.gz	25068	25068	24665	24665	21839	21839	20656	20656	20656
e03405-C-20240509	e03405-C-20240509	1	e03405-C_S251_L001_R1_001.fastq.gz	e03405-C_S251_L001_R2_001.fastq.gz	21725	21725	21426	21426	18489	18489	17452	17384	17384
e03406-A-20240509	e03406-A-20240509	1	e03406-A_S60_L001_R1_001.fastq.gz	e03406-A_S60_L001_R2_001.fastq.gz	28182	28182	27777	27777	27545	27545	25146	24232	24232
e03406-B-20240509	e03406-B-20240509	1	e03406-B_S156_L001_R1_001.fastq.gz	e03406-B_S156_L001_R2_001.fastq.gz	25506	25506	25122	25122	24924	24924	22536	21684	21684
e03406-C-20240509	e03406-C-20240509	1	e03406-C_S252_L001_R1_001.fastq.gz	e03406-C_S252_L001_R2_001.fastq.gz	28738	28738	28327	28327	27920	27920	26537	24894	24894
e03407-A-20240509	e03407-A-20240509	1	e03407-A_S61_L001_R1_001.fastq.gz	e03407-A_S61_L001_R2_001.fastq.gz	12489	12489	12311	12311	3712	3712	35	35	35
e03407-B-20240509	e03407-B-20240509	1	e03407-B_S157_L001_R1_001.fastq.gz	e03407-B_S157_L001_R2_001.fastq.gz	25587	25587	25226	25226	25095	25095	21738	21735	21735
e03407-C-20240509	e03407-C-20240509	1	e03407-C_S253_L001_R1_001.fastq.gz	e03407-C_S253_L001_R2_001.fastq.gz	6397	6397	6302	6302	6158	6158	29	28	28
e03408-A-20240509	e03408-A-20240509	1	e03408-A_S62_L001_R1_001.fastq.gz	e03408-A_S62_L001_R2_001.fastq.gz	28680	28680	28271	28271	26999	26999	24288	24196	24196
e03408-B-20240509	e03408-B-20240509	1	e03408-B_S158_L001_R1_001.fastq.gz	e03408-B_S158_L001_R2_001.fastq.gz	22865	22865	22532	22532	22333	22333	16340	16320	16320
e03408-C-20240509	e03408-C-20240509	1	e03408-C_S254_L001_R1_001.fastq.gz	e03408-C_S254_L001_R2_001.fastq.gz	26801	26801	26433	26433	26307	26307	23164	23117	23117
e03409-A-20240509	e03409-A-20240509	1	e03409-A_S63_L001_R1_001.fastq.gz	e03409-A_S63_L001_R2_001.fastq.gz	12118	12118	11938	11938	6201	6201	39	39	39
e03409-B-20240509	e03409-B-20240509	1	e03409-B_S159_L001_R1_001.fastq.gz	e03409-B_S159_L001_R2_001.fastq.gz	26257	26257	25879	25879	25694	25694	21713	21700	21700
e03409-C-20240509	e03409-C-20240509	1	e03409-C_S255_L001_R1_001.fastq.gz	e03409-C_S255_L001_R2_001.fastq.gz	30851	30851	30435	30435	30220	30220	26875	26779	26779
e03410-A-20240509	e03410-A-20240509	1	e03410-A_S65_L001_R1_001.fastq.gz	e03410-A_S65_L001_R2_001.fastq.gz	32186	32186	31759	31759	31539	31539	28785	28654	28654
e03410-B-20240509	e03410-B-20240509	1	e03410-B_S161_L001_R1_001.fastq.gz	e03410-B_S161_L001_R2_001.fastq.gz	26316	26316	25958	25958	25773	25773	23760	22078	22078
e03410-C-20240509	e03410-C-20240509	1	e03410-C_S257_L001_R1_001.fastq.gz	e03410-C_S257_L001_R2_001.fastq.gz	36776	36776	36304	36304	34017	34017	32731	32627	32627
e03411-A-20240509	e03411-A-20240509	1	e03411-A_S66_L001_R1_001.fastq.gz	e03411-A_S66_L001_R2_001.fastq.gz	25395	25395	25034	25034	24892	24892	20884	20152	20152
e03411-B-20240509	e03411-B-20240509	1	e03411-B_S162_L001_R1_001.fastq.gz	e03411-B_S162_L001_R2_001.fastq.gz	17679	17679	17431	17431	17344	17344	12751	12751	12751
e03411-C-20240509	e03411-C-20240509	1	e03411-C_S258_L001_R1_001.fastq.gz	e03411-C_S258_L001_R2_001.fastq.gz	12366	12366	12201	12201	12092	12092	6260	6195	6195
e03412-A-20240509	e03412-A-20240509	1	e03412-A_S67_L001_R1_001.fastq.gz	e03412-A_S67_L001_R2_001.fastq.gz	27666	27666	4681	4681	3260	3260	490	490	490
e03412-B-20240509	e03412-B-20240509	1	e03412-B_S163_L001_R1_001.fastq.gz	e03412-B_S163_L001_R2_001.fastq.gz	22564	22564	22244	22244	12171	12171	10734	10700	10677
e03412-C-20240509	e03412-C-20240509	1	e03412-C_S259_L001_R1_001.fastq.gz	e03412-C_S259_L001_R2_001.fastq.gz	20308	20308	20020	20020	10116	10116	8890	8890	8890
e03413-A-20240509	e03413-A-20240509	1	e03413-A_S68_L001_R1_001.fastq.gz	e03413-A_S68_L001_R2_001.fastq.gz	144	144	142	142	37	37	21	21	21
e03413-B-20240509	e03413-B-20240509	1	e03413-B_S164_L001_R1_001.fastq.gz	e03413-B_S164_L001_R2_001.fastq.gz	16069	16069	15766	15766	232	232	29	29	29
e03413-C-20240509	e03413-C-20240509	1	e03413-C_S260_L001_R1_001.fastq.gz	e03413-C_S260_L001_R2_001.fastq.gz	94	94	93	93	75	75	12	12	12
e03414-A-20240509	e03414-A-20240509	1	e03414-A_S69_L001_R1_001.fastq.gz	e03414-A_S69_L001_R2_001.fastq.gz	25357	25357	24925	24925	24367	24367	20015	19601	19601
e03414-B-20240509	e03414-B-20240509	1	e03414-B_S165_L001_R1_001.fastq.gz	e03414-B_S165_L001_R2_001.fastq.gz	18378	18378	18048	18048	17671	17671	12210	12210	12210
e03414-C-20240509	e03414-C-20240509	1	e03414-C_S261_L001_R1_001.fastq.gz	e03414-C_S261_L001_R2_001.fastq.gz	18529	18529	18220	18220	17927	17927	14330	14236	14236
e03415-A-20240509	e03415-A-20240509	1	e03415-A_S70_L001_R1_001.fastq.gz	e03415-A_S70_L001_R2_001.fastq.gz	25509	25509	25187	25187	22354	22354	19486	19485	19485
e03415-B-20240509	e03415-B-20240509	1	e03415-B_S166_L001_R1_001.fastq.gz	e03415-B_S166_L001_R2_001.fastq.gz	7816	7816	7683	7683	7509	7509	16	16	16
e03415-C-20240509	e03415-C-20240509	1	e03415-C_S262_L001_R1_001.fastq.gz	e03415-C_S262_L001_R2_001.fastq.gz	20061	20061	19767	19767	19645	19645	15260	15255	15255
e03416-A-20240509	e03416-A-20240509	1	e03416-A_S71_L001_R1_001.fastq.gz	e03416-A_S71_L001_R2_001.fastq.gz	6305	6305	6220	6220	6081	6081	37	37	37
e03416-B-20240509	e03416-B-20240509	1	e03416-B_S167_L001_R1_001.fastq.gz	e03416-B_S167_L001_R2_001.fastq.gz	15790	15790	15580	15580	15321	15321	4871	4871	4871
e03416-C-20240509	e03416-C-20240509	1	e03416-C_S263_L001_R1_001.fastq.gz	e03416-C_S263_L001_R2_001.fastq.gz	24880	24880	24544	24544	24371	24371	18415	18175	18175
e03417-A-20240509	e03417-A-20240509	1	e03417-A_S72_L001_R1_001.fastq.gz	e03417-A_S72_L001_R2_001.fastq.gz	22463	22463	22157	22157	8739	8739	24	24	24
e03417-B-20240509	e03417-B-20240509	1	e03417-B_S168_L001_R1_001.fastq.gz	e03417-B_S168_L001_R2_001.fastq.gz	21449	21449	21125	21125	20422	20422	23	23	23
e03417-C-20240509	e03417-C-20240509	1	e03417-C_S264_L001_R1_001.fastq.gz	e03417-C_S264_L001_R2_001.fastq.gz	22021	22021	21691	21691	21255	21255	8984	8981	8981
e03418-A-20240509	e03418-A-20240509	1	e03418-A_S73_L001_R1_001.fastq.gz	e03418-A_S73_L001_R2_001.fastq.gz	8754	8754	8617	8617	6717	6717	33	33	33
e03418-B-20240509	e03418-B-20240509	1	e03418-B_S169_L001_R1_001.fastq.gz	e03418-B_S169_L001_R2_001.fastq.gz	22824	22824	22518	22518	22315	22315	19635	19557	19557
e03418-C-20240509	e03418-C-20240509	1	e03418-C_S265_L001_R1_001.fastq.gz	e03418-C_S265_L001_R2_001.fastq.gz	33121	33121	32690	32690	25040	25040	23958	23667	23667
e03419-A-20240509	e03419-A-20240509	1	e03419-A_S74_L001_R1_001.fastq.gz	e03419-A_S74_L001_R2_001.fastq.gz	5672	5672	5577	5577	5428	5428	34	34	34
e03419-B-20240509	e03419-B-20240509	1	e03419-B_S170_L001_R1_001.fastq.gz	e03419-B_S170_L001_R2_001.fastq.gz	6367	6367	6266	6266	6105	6105	30	30	30
e03419-C-20240509	e03419-C-20240509	1	e03419-C_S266_L001_R1_001.fastq.gz	e03419-C_S266_L001_R2_001.fastq.gz	28220	28220	27869	27869	27754	27754	25491	25280	25280
e03420-A-20240509	e03420-A-20240509	1	e03420-A_S75_L001_R1_001.fastq.gz	e03420-A_S75_L001_R2_001.fastq.gz	346	346	336	336	303	303	46	46	46
e03420-B-20240509	e03420-B-20240509	1	e03420-B_S171_L001_R1_001.fastq.gz	e03420-B_S171_L001_R2_001.fastq.gz	10689	10689	10516	10516	155	155	36	36	36
e03420-C-20240509	e03420-C-20240509	1	e03420-C_S267_L001_R1_001.fastq.gz	e03420-C_S267_L001_R2_001.fastq.gz	7958	7958	7859	7859	166	166	22	22	22
e03421-A-20240509	e03421-A-20240509	1	e03421-A_S77_L001_R1_001.fastq.gz	e03421-A_S77_L001_R2_001.fastq.gz	27778	27778	27372	27372	26909	26909	25915	25864	25864
e03421-B-20240509	e03421-B-20240509	1	e03421-B_S173_L001_R1_001.fastq.gz	e03421-B_S173_L001_R2_001.fastq.gz	6842	6842	6756	6756	6578	6578	68	68	68
e03421-C-20240509	e03421-C-20240509	1	e03421-C_S269_L001_R1_001.fastq.gz	e03421-C_S269_L001_R2_001.fastq.gz	27910	27910	27541	27541	27432	27432	26289	26001	26001
e03422-A-20240509	e03422-A-20240509	1	e03422-A_S78_L001_R1_001.fastq.gz	e03422-A_S78_L001_R2_001.fastq.gz	35601	35601	35126	35126	34713	34713	33832	33280	33280
e03422-B-20240509	e03422-B-20240509	1	e03422-B_S174_L001_R1_001.fastq.gz	e03422-B_S174_L001_R2_001.fastq.gz	31847	31847	31391	31391	31267	31267	29624	28903	28903
e03422-C-20240509	e03422-C-20240509	1	e03422-C_S270_L001_R1_001.fastq.gz	e03422-C_S270_L001_R2_001.fastq.gz	32046	32046	31631	31631	31504	31504	29758	29268	29268
e03423-A-20240509	e03423-A-20240509	1	e03423-A_S79_L001_R1_001.fastq.gz	e03423-A_S79_L001_R2_001.fastq.gz	32108	32108	31668	31668	31479	31479	30413	30112	30112
e03423-B-20240509	e03423-B-20240509	1	e03423-B_S175_L001_R1_001.fastq.gz	e03423-B_S175_L001_R2_001.fastq.gz	26987	26987	26625	26625	26352	26352	22924	22857	22857
e03423-C-20240509	e03423-C-20240509	1	e03423-C_S271_L001_R1_001.fastq.gz	e03423-C_S271_L001_R2_001.fastq.gz	29060	29060	28662	28662	28502	28502	25879	25698	25698
e03424-A-20240509	e03424-A-20240509	1	e03424-A_S80_L001_R1_001.fastq.gz	e03424-A_S80_L001_R2_001.fastq.gz	28629	28629	28251	28251	697	697	32	26	26
e03424-B-20240509	e03424-B-20240509	1	e03424-B_S176_L001_R1_001.fastq.gz	e03424-B_S176_L001_R2_001.fastq.gz	12902	12902	12715	12715	11864	11864	20	20	20
e03424-C-20240509	e03424-C-20240509	1	e03424-C_S272_L001_R1_001.fastq.gz	e03424-C_S272_L001_R2_001.fastq.gz	15558	15558	15349	15349	15138	15138	12499	12499	12499
e03425-A-20240509	e03425-A-20240509	1	e03425-A_S81_L001_R1_001.fastq.gz	e03425-A_S81_L001_R2_001.fastq.gz	22171	22171	21829	21829	21561	21561	17349	17268	17268
e03425-B-20240509	e03425-B-20240509	1	e03425-B_S177_L001_R1_001.fastq.gz	e03425-B_S177_L001_R2_001.fastq.gz	4810	4810	4747	4747	4703	4703	4016	4015	4015
e03425-C-20240509	e03425-C-20240509	1	e03425-C_S273_L001_R1_001.fastq.gz	e03425-C_S273_L001_R2_001.fastq.gz	4524	4524	4460	4460	4369	4369	4115	4051	4051
e03426-A-20240509	e03426-A-20240509	1	e03426-A_S82_L001_R1_001.fastq.gz	e03426-A_S82_L001_R2_001.fastq.gz	28974	28974	28630	28630	28454	28454	27244	27022	27022
e03426-B-20240509	e03426-B-20240509	1	e03426-B_S178_L001_R1_001.fastq.gz	e03426-B_S178_L001_R2_001.fastq.gz	20998	20998	20708	20708	20543	20543	18681	18364	18364
e03426-C-20240509	e03426-C-20240509	1	e03426-C_S274_L001_R1_001.fastq.gz	e03426-C_S274_L001_R2_001.fastq.gz	21707	21707	21414	21414	21346	21346	20502	20377	20377
e03427-A-20240509	e03427-A-20240509	1	e03427-A_S83_L001_R1_001.fastq.gz	e03427-A_S83_L001_R2_001.fastq.gz	15921	15921	15725	15725	15579	15579	11926	11781	11781
e03427-B-20240509	e03427-B-20240509	1	e03427-B_S179_L001_R1_001.fastq.gz	e03427-B_S179_L001_R2_001.fastq.gz	20738	20738	20432	20432	1564	1564	33	33	33
e03427-C-20240509	e03427-C-20240509	1	e03427-C_S275_L001_R1_001.fastq.gz	e03427-C_S275_L001_R2_001.fastq.gz	3573	3573	3521	3521	2621	2621	30	30	30
e03428-A-20240509	e03428-A-20240509	1	e03428-A_S84_L001_R1_001.fastq.gz	e03428-A_S84_L001_R2_001.fastq.gz	13923	13923	13705	13705	13538	13538	10710	10698	10698
e03428-B-20240509	e03428-B-20240509	1	e03428-B_S180_L001_R1_001.fastq.gz	e03428-B_S180_L001_R2_001.fastq.gz	23946	23946	23606	23606	23470	23470	21666	21546	21546
e03428-C-20240509	e03428-C-20240509	1	e03428-C_S276_L001_R1_001.fastq.gz	e03428-C_S276_L001_R2_001.fastq.gz	19149	19149	18879	18879	18644	18644	14610	14594	14594
e03429-A-20240509	e03429-A-20240509	1	e03429-A_S85_L001_R1_001.fastq.gz	e03429-A_S85_L001_R2_001.fastq.gz	30357	30357	29925	29925	29765	29765	27040	26862	26862
e03429-B-20240509	e03429-B-20240509	1	e03429-B_S181_L001_R1_001.fastq.gz	e03429-B_S181_L001_R2_001.fastq.gz	21268	21268	20996	20996	20838	20838	18559	18294	18290
e03429-C-20240509	e03429-C-20240509	1	e03429-C_S277_L001_R1_001.fastq.gz	e03429-C_S277_L001_R2_001.fastq.gz	22144	22144	21868	21868	21802	21802	20154	20112	20112
e03430-A-20240509	e03430-A-20240509	1	e03430-A_S86_L001_R1_001.fastq.gz	e03430-A_S86_L001_R2_001.fastq.gz	30485	30485	30016	30016	29840	29840	28758	28517	28517
e03430-B-20240509	e03430-B-20240509	1	e03430-B_S182_L001_R1_001.fastq.gz	e03430-B_S182_L001_R2_001.fastq.gz	29865	29865	29432	29432	16703	16703	14606	14226	14226
e03430-C-20240509	e03430-C-20240509	1	e03430-C_S278_L001_R1_001.fastq.gz	e03430-C_S278_L001_R2_001.fastq.gz	29479	29479	29113	29113	5981	5981	4735	4731	4731
e03431-A-20240509	e03431-A-20240509	1	e03431-A_S87_L001_R1_001.fastq.gz	e03431-A_S87_L001_R2_001.fastq.gz	7776	7776	7677	7677	1415	1415	16	16	16
e03431-B-20240509	e03431-B-20240509	1	e03431-B_S183_L001_R1_001.fastq.gz	e03431-B_S183_L001_R2_001.fastq.gz	22867	22867	22551	22551	22417	22417	20053	20053	20053
e03431-C-20240509	e03431-C-20240509	1	e03431-C_S279_L001_R1_001.fastq.gz	e03431-C_S279_L001_R2_001.fastq.gz	22380	22380	22086	22086	21948	21948	20250	19687	19687
e03432-A-20240509	e03432-A-20240509	1	e03432-A_S88_L001_R1_001.fastq.gz	e03432-A_S88_L001_R2_001.fastq.gz	19611	19611	19371	19371	19109	19109	18725	18263	18263
e03432-B-20240509	e03432-B-20240509	1	e03432-B_S184_L001_R1_001.fastq.gz	e03432-B_S184_L001_R2_001.fastq.gz	23817	23817	23496	23496	23380	23380	21422	21171	21171
e03432-C-20240509	e03432-C-20240509	1	e03432-C_S280_L001_R1_001.fastq.gz	e03432-C_S280_L001_R2_001.fastq.gz	29962	29962	29256	29256	29063	29063	28430	27975	27975
e03433-A-20240509	e03433-A-20240509	1	e03433-A_S90_L001_R1_001.fastq.gz	e03433-A_S90_L001_R2_001.fastq.gz	1283	1283	1247	1247	15	15	2	2	1
e03433-B-20240509	e03433-B-20240509	1	e03433-B_S186_L001_R1_001.fastq.gz	e03433-B_S186_L001_R2_001.fastq.gz	4	4	3	3	2	2	0	0	0
e03433-C-20240509	e03433-C-20240509	1	e03433-C_S282_L001_R1_001.fastq.gz	e03433-C_S282_L001_R2_001.fastq.gz	25	25	25	25	23	23	0	0	0
e03434-A-20240509	e03434-A-20240509	1	e03434-A_S91_L001_R1_001.fastq.gz	e03434-A_S91_L001_R2_001.fastq.gz	21098	21098	20760	20760	20552	20552	19624	19398	19397
e03434-B-20240509	e03434-B-20240509	1	e03434-B_S187_L001_R1_001.fastq.gz	e03434-B_S187_L001_R2_001.fastq.gz	24493	24493	24145	24145	24013	24013	22956	22817	22817
e03434-C-20240509	e03434-C-20240509	1	e03434-C_S283_L001_R1_001.fastq.gz	e03434-C_S283_L001_R2_001.fastq.gz	25441	25441	25096	25096	22182	22182	21462	21414	21414
e03435-A-20240509	e03435-A-20240509	1	e03435-A_S92_L001_R1_001.fastq.gz	e03435-A_S92_L001_R2_001.fastq.gz	22731	22731	22419	22419	22294	22294	21210	21210	21210
e03435-B-20240509	e03435-B-20240509	1	e03435-B_S188_L001_R1_001.fastq.gz	e03435-B_S188_L001_R2_001.fastq.gz	6071	6071	5977	5977	5827	5827	32	32	32
e03435-C-20240509	e03435-C-20240509	1	e03435-C_S284_L001_R1_001.fastq.gz	e03435-C_S284_L001_R2_001.fastq.gz	26003	26003	25659	25659	24114	24114	22744	22652	22652
e03436-A-20240509	e03436-A-20240509	1	e03436-A_S93_L001_R1_001.fastq.gz	e03436-A_S93_L001_R2_001.fastq.gz	25074	25074	24738	24738	22647	22647	21403	21367	21367
e03436-B-20240509	e03436-B-20240509	1	e03436-B_S189_L001_R1_001.fastq.gz	e03436-B_S189_L001_R2_001.fastq.gz	18568	18568	18277	18277	18191	18191	15520	15514	15514
e03436-C-20240509	e03436-C-20240509	1	e03436-C_S285_L001_R1_001.fastq.gz	e03436-C_S285_L001_R2_001.fastq.gz	4255	4255	4208	4208	4135	4135	9	9	9
e03437-A-20240509	e03437-A-20240509	1	e03437-A_S94_L001_R1_001.fastq.gz	e03437-A_S94_L001_R2_001.fastq.gz	16945	16945	16746	16746	16184	16184	13109	12944	12944
e03437-B-20240509	e03437-B-20240509	1	e03437-B_S190_L001_R1_001.fastq.gz	e03437-B_S190_L001_R2_001.fastq.gz	7810	7810	7685	7685	7568	7568	3	3	3
e03437-C-20240509	e03437-C-20240509	1	e03437-C_S286_L001_R1_001.fastq.gz	e03437-C_S286_L001_R2_001.fastq.gz	5330	5330	5258	5258	5175	5175	0	0	0
e03438-A-20240509	e03438-A-20240509	1	e03438-A_S95_L001_R1_001.fastq.gz	e03438-A_S95_L001_R2_001.fastq.gz	66	66	62	62	52	52	39	39	39
e03438-B-20240509	e03438-B-20240509	1	e03438-B_S191_L001_R1_001.fastq.gz	e03438-B_S191_L001_R2_001.fastq.gz	11589	11589	11396	11396	5562	5562	3	3	3
e03438-C-20240509	e03438-C-20240509	1	e03438-C_S287_L001_R1_001.fastq.gz	e03438-C_S287_L001_R2_001.fastq.gz	7050	7050	6900	6900	6548	6548	6	6	6
e03439-D-20240509	e03439-D-20240509	1	e03439-D_S289_L001_R1_001.fastq.gz	e03439-D_S289_L001_R2_001.fastq.gz	30808	30808	30412	30412	30222	30222	25888	25864	25864
e03439-E-20240509	e03439-E-20240509	1	e03439-E_S372_L001_R1_001.fastq.gz	e03439-E_S372_L001_R2_001.fastq.gz	22516	22516	22224	22224	21953	21953	16742	16742	16742
e03439-F-20240509	e03439-F-20240509	1	e03439-F_S455_L001_R1_001.fastq.gz	e03439-F_S455_L001_R2_001.fastq.gz	6521	6521	6445	6445	6386	6386	5640	5629	5629
e03440-D-20240509	e03440-D-20240509	1	e03440-D_S290_L001_R1_001.fastq.gz	e03440-D_S290_L001_R2_001.fastq.gz	28973	28973	28557	28557	28456	28456	27929	27929	27929
e03440-E-20240509	e03440-E-20240509	1	e03440-E_S373_L001_R1_001.fastq.gz	e03440-E_S373_L001_R2_001.fastq.gz	6180	6180	6115	6115	5922	5922	147	147	147
e03440-F-20240509	e03440-F-20240509	1	e03440-F_S456_L001_R1_001.fastq.gz	e03440-F_S456_L001_R2_001.fastq.gz	14305	14305	14085	14085	13833	13833	12193	12193	12193
e03441-D-20240509	e03441-D-20240509	1	e03441-D_S291_L001_R1_001.fastq.gz	e03441-D_S291_L001_R2_001.fastq.gz	30010	30010	29619	29619	29416	29416	27873	27795	27795
e03441-E-20240509	e03441-E-20240509	1	e03441-E_S374_L001_R1_001.fastq.gz	e03441-E_S374_L001_R2_001.fastq.gz	25770	25770	25443	25443	25208	25208	21149	20933	20933
e03441-F-20240509	e03441-F-20240509	1	e03441-F_S457_L001_R1_001.fastq.gz	e03441-F_S457_L001_R2_001.fastq.gz	19662	19662	19394	19394	19035	19035	14246	14246	14246
e03442-D-20240509	e03442-D-20240509	1	e03442-D_S292_L001_R1_001.fastq.gz	e03442-D_S292_L001_R2_001.fastq.gz	22407	22407	22121	22121	21937	21937	17409	17405	17405
e03442-E-20240509	e03442-E-20240509	1	e03442-E_S375_L001_R1_001.fastq.gz	e03442-E_S375_L001_R2_001.fastq.gz	24785	24785	24430	24430	24096	24096	13027	12834	12834
e03442-F-20240509	e03442-F-20240509	1	e03442-F_S458_L001_R1_001.fastq.gz	e03442-F_S458_L001_R2_001.fastq.gz	17015	17015	16779	16779	16589	16589	13625	13615	13615
e03443-D-20240509	e03443-D-20240509	1	e03443-D_S293_L001_R1_001.fastq.gz	e03443-D_S293_L001_R2_001.fastq.gz	19263	19263	18969	18969	18754	18754	16825	16824	16824
e03443-E-20240509	e03443-E-20240509	1	e03443-E_S376_L001_R1_001.fastq.gz	e03443-E_S376_L001_R2_001.fastq.gz	29056	29056	28646	28646	28501	28501	25191	25115	25115
e03443-F-20240509	e03443-F-20240509	1	e03443-F_S459_L001_R1_001.fastq.gz	e03443-F_S459_L001_R2_001.fastq.gz	25892	25892	25526	25526	25425	25425	24640	24263	24263
e03444-D-20240509	e03444-D-20240509	1	e03444-D_S294_L001_R1_001.fastq.gz	e03444-D_S294_L001_R2_001.fastq.gz	30221	30221	29802	29802	25378	25378	23246	22786	22786
e03444-E-20240509	e03444-E-20240509	1	e03444-E_S377_L001_R1_001.fastq.gz	e03444-E_S377_L001_R2_001.fastq.gz	21454	21454	21159	21159	20955	20955	17611	17415	17415
e03444-F-20240509	e03444-F-20240509	1	e03444-F_S460_L001_R1_001.fastq.gz	e03444-F_S460_L001_R2_001.fastq.gz	28435	28435	28102	28102	27946	27946	26770	26054	26054
e03445-D-20240509	e03445-D-20240509	1	e03445-D_S295_L001_R1_001.fastq.gz	e03445-D_S295_L001_R2_001.fastq.gz	35611	35611	35151	35151	35042	35042	33063	32807	32807
e03445-E-20240509	e03445-E-20240509	1	e03445-E_S378_L001_R1_001.fastq.gz	e03445-E_S378_L001_R2_001.fastq.gz	24940	24940	24592	24592	24461	24461	21031	21031	21031
e03445-F-20240509	e03445-F-20240509	1	e03445-F_S461_L001_R1_001.fastq.gz	e03445-F_S461_L001_R2_001.fastq.gz	33234	33234	32788	32788	32656	32656	30447	29964	29964
e03446-D-20240509	e03446-D-20240509	1	e03446-D_S296_L001_R1_001.fastq.gz	e03446-D_S296_L001_R2_001.fastq.gz	19248	19248	18998	18998	18919	18919	18410	18281	18281
e03446-E-20240509	e03446-E-20240509	1	e03446-E_S379_L001_R1_001.fastq.gz	e03446-E_S379_L001_R2_001.fastq.gz	25760	25760	25399	25399	25230	25230	24217	23457	23457
e03446-F-20240509	e03446-F-20240509	1	e03446-F_S462_L001_R1_001.fastq.gz	e03446-F_S462_L001_R2_001.fastq.gz	25332	25332	24991	24991	24827	24827	23924	23606	23606
e03447-D-20240509	e03447-D-20240509	1	e03447-D_S298_L001_R1_001.fastq.gz	e03447-D_S298_L001_R2_001.fastq.gz	33456	33456	33031	33031	32870	32870	31515	30924	30924
e03447-E-20240509	e03447-E-20240509	1	e03447-E_S381_L001_R1_001.fastq.gz	e03447-E_S381_L001_R2_001.fastq.gz	6877	6877	6790	6790	6737	6737	6095	6017	6017
e03447-F-20240509	e03447-F-20240509	1	e03447-F_S464_L001_R1_001.fastq.gz	e03447-F_S464_L001_R2_001.fastq.gz	15450	15450	15259	15259	15022	15022	14353	13926	13926
e03448-D-20240509	e03448-D-20240509	1	e03448-D_S299_L001_R1_001.fastq.gz	e03448-D_S299_L001_R2_001.fastq.gz	42073	42073	41531	41531	41374	41374	38997	38451	38448
e03448-E-20240509	e03448-E-20240509	1	e03448-E_S382_L001_R1_001.fastq.gz	e03448-E_S382_L001_R2_001.fastq.gz	33965	33965	33496	33496	33250	33250	29444	29053	29053
e03448-F-20240509	e03448-F-20240509	1	e03448-F_S465_L001_R1_001.fastq.gz	e03448-F_S465_L001_R2_001.fastq.gz	20621	20621	20342	20342	20256	20256	19379	19104	19104
e03449-D-20240509	e03449-D-20240509	1	e03449-D_S300_L001_R1_001.fastq.gz	e03449-D_S300_L001_R2_001.fastq.gz	74	74	74	74	59	59	50	50	50
e03449-E-20240509	e03449-E-20240509	1	e03449-E_S383_L001_R1_001.fastq.gz	e03449-E_S383_L001_R2_001.fastq.gz	264	264	261	261	248	248	162	162	86
e03449-F-20240509	e03449-F-20240509	1	e03449-F_S466_L001_R1_001.fastq.gz	e03449-F_S466_L001_R2_001.fastq.gz	65	65	59	59	51	51	42	42	42
e03450-D-20240509	e03450-D-20240509	1	e03450-D_S301_L001_R1_001.fastq.gz	e03450-D_S301_L001_R2_001.fastq.gz	30874	30874	30454	30454	30287	30287	28422	28001	28001
e03450-E-20240509	e03450-E-20240509	1	e03450-E_S384_L001_R1_001.fastq.gz	e03450-E_S384_L001_R2_001.fastq.gz	35917	35917	35456	35456	35231	35231	32111	31863	31858
e03450-F-20240509	e03450-F-20240509	1	e03450-F_S467_L001_R1_001.fastq.gz	e03450-F_S467_L001_R2_001.fastq.gz	33602	33602	33189	33189	33037	33037	30922	30791	30791
e03451-D-20240509	e03451-D-20240509	1	e03451-D_S302_L001_R1_001.fastq.gz	e03451-D_S302_L001_R2_001.fastq.gz	3762	3762	3696	3696	3505	3505	78	78	78
e03451-E-20240509	e03451-E-20240509	1	e03451-E_S385_L001_R1_001.fastq.gz	e03451-E_S385_L001_R2_001.fastq.gz	8956	8956	8803	8803	8488	8488	128	128	128
e03451-F-20240509	e03451-F-20240509	1	e03451-F_S468_L001_R1_001.fastq.gz	e03451-F_S468_L001_R2_001.fastq.gz	34529	34529	34072	34072	31230	31230	28511	28265	28265
e03452-D-20240509	e03452-D-20240509	1	e03452-D_S303_L001_R1_001.fastq.gz	e03452-D_S303_L001_R2_001.fastq.gz	34735	34735	34290	34290	34153	34153	31882	31729	31729
e03452-E-20240509	e03452-E-20240509	1	e03452-E_S386_L001_R1_001.fastq.gz	e03452-E_S386_L001_R2_001.fastq.gz	25905	25905	25536	25536	25388	25388	23579	23220	23220
e03452-F-20240509	e03452-F-20240509	1	e03452-F_S469_L001_R1_001.fastq.gz	e03452-F_S469_L001_R2_001.fastq.gz	4153	4153	4086	4086	3988	3988	43	41	41
e03453-D-20240509	e03453-D-20240509	1	e03453-D_S304_L001_R1_001.fastq.gz	e03453-D_S304_L001_R2_001.fastq.gz	8107	8107	7991	7991	7495	7495	6907	6809	6809
e03453-E-20240509	e03453-E-20240509	1	e03453-E_S387_L001_R1_001.fastq.gz	e03453-E_S387_L001_R2_001.fastq.gz	15758	15758	15558	15558	15414	15414	14099	14032	14032
e03453-F-20240509	e03453-F-20240509	1	e03453-F_S470_L001_R1_001.fastq.gz	e03453-F_S470_L001_R2_001.fastq.gz	5351	5351	5279	5279	5182	5182	3772	3766	3766
e03454-D-20240509	e03454-D-20240509	1	e03454-D_S305_L001_R1_001.fastq.gz	e03454-D_S305_L001_R2_001.fastq.gz	27546	27546	27198	27198	27081	27081	26042	25533	25533
e03454-E-20240509	e03454-E-20240509	1	e03454-E_S388_L001_R1_001.fastq.gz	e03454-E_S388_L001_R2_001.fastq.gz	22130	22130	21845	21845	21732	21732	18117	18040	18040
e03454-F-20240509	e03454-F-20240509	1	e03454-F_S471_L001_R1_001.fastq.gz	e03454-F_S471_L001_R2_001.fastq.gz	29494	29494	29106	29106	28980	28980	27813	27485	27485
e03455-D-20240509	e03455-D-20240509	1	e03455-D_S306_L001_R1_001.fastq.gz	e03455-D_S306_L001_R2_001.fastq.gz	39651	39651	39106	39106	38937	38937	36677	36198	36198
e03455-E-20240509	e03455-E-20240509	1	e03455-E_S389_L001_R1_001.fastq.gz	e03455-E_S389_L001_R2_001.fastq.gz	9560	9560	9425	9425	9262	9262	108	107	107
e03455-F-20240509	e03455-F-20240509	1	e03455-F_S472_L001_R1_001.fastq.gz	e03455-F_S472_L001_R2_001.fastq.gz	25639	25639	25276	25276	24480	24480	21989	21908	21908
e03456-D-20240509	e03456-D-20240509	1	e03456-D_S307_L001_R1_001.fastq.gz	e03456-D_S307_L001_R2_001.fastq.gz	38924	38924	38402	38402	38244	38244	36084	35079	35079
e03456-E-20240509	e03456-E-20240509	1	e03456-E_S390_L001_R1_001.fastq.gz	e03456-E_S390_L001_R2_001.fastq.gz	29083	29083	28666	28666	28388	28388	19371	19171	19171
e03456-F-20240509	e03456-F-20240509	1	e03456-F_S473_L001_R1_001.fastq.gz	e03456-F_S473_L001_R2_001.fastq.gz	29543	29543	29166	29166	29068	29068	27194	26745	26743
e03457-D-20240509	e03457-D-20240509	1	e03457-D_S308_L001_R1_001.fastq.gz	e03457-D_S308_L001_R2_001.fastq.gz	38104	38104	37599	37599	37486	37486	36574	36145	36145
e03457-E-20240509	e03457-E-20240509	1	e03457-E_S391_L001_R1_001.fastq.gz	e03457-E_S391_L001_R2_001.fastq.gz	22766	22766	22428	22428	22280	22280	18395	18073	18073
e03457-F-20240509	e03457-F-20240509	1	e03457-F_S474_L001_R1_001.fastq.gz	e03457-F_S474_L001_R2_001.fastq.gz	18887	18887	18612	18612	18548	18548	17218	17209	17209
e03458-D-20240509	e03458-D-20240509	1	e03458-D_S309_L001_R1_001.fastq.gz	e03458-D_S309_L001_R2_001.fastq.gz	38256	38256	37751	37751	37537	37537	35030	34973	34973
e03458-E-20240509	e03458-E-20240509	1	e03458-E_S392_L001_R1_001.fastq.gz	e03458-E_S392_L001_R2_001.fastq.gz	31591	31591	31170	31170	31035	31035	27105	26765	26765
e03458-F-20240509	e03458-F-20240509	1	e03458-F_S475_L001_R1_001.fastq.gz	e03458-F_S475_L001_R2_001.fastq.gz	32709	32709	32263	32263	32195	32195	30569	30251	30251
e03459-D-20240509	e03459-D-20240509	1	e03459-D_S310_L001_R1_001.fastq.gz	e03459-D_S310_L001_R2_001.fastq.gz	95	95	92	92	78	78	56	56	24
e03459-E-20240509	e03459-E-20240509	1	e03459-E_S393_L001_R1_001.fastq.gz	e03459-E_S393_L001_R2_001.fastq.gz	82	82	80	80	76	76	53	53	53
e03459-F-20240509	e03459-F-20240509	1	e03459-F_S476_L001_R1_001.fastq.gz	e03459-F_S476_L001_R2_001.fastq.gz	74	74	73	73	31	31	24	24	24
e03460-D-20240509	e03460-D-20240509	1	e03460-D_S311_L001_R1_001.fastq.gz	e03460-D_S311_L001_R2_001.fastq.gz	41701	41701	40535	40535	40368	40368	38746	38387	38387
e03460-E-20240509	e03460-E-20240509	1	e03460-E_S394_L001_R1_001.fastq.gz	e03460-E_S394_L001_R2_001.fastq.gz	33002	33002	32538	32538	32268	32268	29998	29746	29746
e03460-F-20240509	e03460-F-20240509	1	e03460-F_S477_L001_R1_001.fastq.gz	e03460-F_S477_L001_R2_001.fastq.gz	38450	38450	37998	37998	37847	37847	36875	36733	36730
e03461-D-20240509	e03461-D-20240509	1	e03461-D_S313_L001_R1_001.fastq.gz	e03461-D_S313_L001_R2_001.fastq.gz	22637	22637	22326	22326	22188	22188	21831	21685	21685
e03461-E-20240509	e03461-E-20240509	1	e03461-E_S396_L001_R1_001.fastq.gz	e03461-E_S396_L001_R2_001.fastq.gz	31994	31994	31557	31557	27401	27401	26162	25958	25958
e03461-F-20240509	e03461-F-20240509	1	e03461-F_S479_L001_R1_001.fastq.gz	e03461-F_S479_L001_R2_001.fastq.gz	26090	26090	25744	25744	25620	25620	24617	24227	24227
e03462-D-20240509	e03462-D-20240509	1	e03462-D_S314_L001_R1_001.fastq.gz	e03462-D_S314_L001_R2_001.fastq.gz	16115	16115	15894	15894	15784	15784	12141	12141	12141
e03462-E-20240509	e03462-E-20240509	1	e03462-E_S397_L001_R1_001.fastq.gz	e03462-E_S397_L001_R2_001.fastq.gz	32166	32166	31722	31722	31567	31567	27634	27594	27594
e03462-F-20240509	e03462-F-20240509	1	e03462-F_S480_L001_R1_001.fastq.gz	e03462-F_S480_L001_R2_001.fastq.gz	29661	29661	29208	29208	28410	28410	25999	25940	25940
e03463-D-20240509	e03463-D-20240509	1	e03463-D_S315_L001_R1_001.fastq.gz	e03463-D_S315_L001_R2_001.fastq.gz	35546	35546	35091	35091	34915	34915	33231	32768	32768
e03463-E-20240509	e03463-E-20240509	1	e03463-E_S398_L001_R1_001.fastq.gz	e03463-E_S398_L001_R2_001.fastq.gz	29838	29838	29412	29412	29184	29184	26308	25946	25946
e03463-F-20240509	e03463-F-20240509	1	e03463-F_S481_L001_R1_001.fastq.gz	e03463-F_S481_L001_R2_001.fastq.gz	32126	32126	31737	31737	31569	31569	30217	29675	29675
e03464-D-20240509	e03464-D-20240509	1	e03464-D_S316_L001_R1_001.fastq.gz	e03464-D_S316_L001_R2_001.fastq.gz	34057	34057	33554	33554	33431	33431	32425	32228	32226
e03464-E-20240509	e03464-E-20240509	1	e03464-E_S399_L001_R1_001.fastq.gz	e03464-E_S399_L001_R2_001.fastq.gz	26334	26334	25930	25930	25800	25800	23087	23042	23042
e03464-F-20240509	e03464-F-20240509	1	e03464-F_S482_L001_R1_001.fastq.gz	e03464-F_S482_L001_R2_001.fastq.gz	34779	34779	34296	34296	34148	34148	33071	32858	32858
e03465-D-20240509	e03465-D-20240509	1	e03465-D_S317_L001_R1_001.fastq.gz	e03465-D_S317_L001_R2_001.fastq.gz	45800	45800	45181	45181	45038	45038	43907	43345	43345
e03465-E-20240509	e03465-E-20240509	1	e03465-E_S400_L001_R1_001.fastq.gz	e03465-E_S400_L001_R2_001.fastq.gz	33233	33233	32804	32804	32683	32683	31426	30893	30893
e03465-F-20240509	e03465-F-20240509	1	e03465-F_S483_L001_R1_001.fastq.gz	e03465-F_S483_L001_R2_001.fastq.gz	36161	36161	35671	35671	35570	35570	34448	34365	34365
e03466-D-20240509	e03466-D-20240509	1	e03466-D_S370_L001_R1_001.fastq.gz	e03466-D_S370_L001_R2_001.fastq.gz	1150	1150	1125	1125	1116	1116	1077	1077	1076
e03466-E-20240509	e03466-E-20240509	1	e03466-E_S453_L001_R1_001.fastq.gz	e03466-E_S453_L001_R2_001.fastq.gz	9886	9886	9761	9761	9726	9726	8715	8712	8712
e03466-F-20240509	e03466-F-20240509	1	e03466-F_S536_L001_R1_001.fastq.gz	e03466-F_S536_L001_R2_001.fastq.gz	1475	1475	1437	1437	1265	1265	1199	1199	1199
e03467-D-20240509	e03467-D-20240509	1	e03467-D_S319_L001_R1_001.fastq.gz	e03467-D_S319_L001_R2_001.fastq.gz	35027	35027	34570	34570	34396	34396	30579	30178	30178
e03467-E-20240509	e03467-E-20240509	1	e03467-E_S402_L001_R1_001.fastq.gz	e03467-E_S402_L001_R2_001.fastq.gz	20543	20543	20234	20234	20112	20112	14031	13997	13997
e03467-F-20240509	e03467-F-20240509	1	e03467-F_S485_L001_R1_001.fastq.gz	e03467-F_S485_L001_R2_001.fastq.gz	32625	32625	32203	32203	32103	32103	31354	30927	30927
e03468-D-20240509	e03468-D-20240509	1	e03468-D_S320_L001_R1_001.fastq.gz	e03468-D_S320_L001_R2_001.fastq.gz	7999	7999	7912	7912	7862	7862	5892	5700	5700
e03468-E-20240509	e03468-E-20240509	1	e03468-E_S403_L001_R1_001.fastq.gz	e03468-E_S403_L001_R2_001.fastq.gz	23283	23283	22925	22925	22762	22762	19806	19738	19738
e03468-F-20240509	e03468-F-20240509	1	e03468-F_S486_L001_R1_001.fastq.gz	e03468-F_S486_L001_R2_001.fastq.gz	16011	16011	15791	15791	15714	15714	14801	14785	14785
e03469-D-20240509	e03469-D-20240509	1	e03469-D_S321_L001_R1_001.fastq.gz	e03469-D_S321_L001_R2_001.fastq.gz	188	188	186	186	181	181	166	166	166
e03469-E-20240509	e03469-E-20240509	1	e03469-E_S404_L001_R1_001.fastq.gz	e03469-E_S404_L001_R2_001.fastq.gz	33678	33678	33247	33247	33067	33067	30277	29714	29714
e03469-F-20240509	e03469-F-20240509	1	e03469-F_S487_L001_R1_001.fastq.gz	e03469-F_S487_L001_R2_001.fastq.gz	22418	22418	22134	22134	22007	22007	20639	20322	20320
e03470-D-20240509	e03470-D-20240509	1	e03470-D_S322_L001_R1_001.fastq.gz	e03470-D_S322_L001_R2_001.fastq.gz	5208	5208	5115	5115	4763	4763	26	25	25
e03470-E-20240509	e03470-E-20240509	1	e03470-E_S405_L001_R1_001.fastq.gz	e03470-E_S405_L001_R2_001.fastq.gz	21633	21633	21317	21317	21229	21229	16389	15824	15824
e03470-F-20240509	e03470-F-20240509	1	e03470-F_S488_L001_R1_001.fastq.gz	e03470-F_S488_L001_R2_001.fastq.gz	20582	20582	20298	20298	20185	20185	18860	18443	18443
e03471-D-20240509	e03471-D-20240509	1	e03471-D_S323_L001_R1_001.fastq.gz	e03471-D_S323_L001_R2_001.fastq.gz	21901	21901	21615	21615	21435	21435	20321	20138	20138
e03471-E-20240509	e03471-E-20240509	1	e03471-E_S406_L001_R1_001.fastq.gz	e03471-E_S406_L001_R2_001.fastq.gz	30312	30312	29841	29841	29511	29511	25940	25902	25902
e03471-F-20240509	e03471-F-20240509	1	e03471-F_S489_L001_R1_001.fastq.gz	e03471-F_S489_L001_R2_001.fastq.gz	30339	30339	29912	29912	29717	29717	27405	26763	26763
e03472-D-20240509	e03472-D-20240509	1	e03472-D_S325_L001_R1_001.fastq.gz	e03472-D_S325_L001_R2_001.fastq.gz	32396	32396	31958	31958	30882	30882	25881	25720	25720
e03472-E-20240509	e03472-E-20240509	1	e03472-E_S408_L001_R1_001.fastq.gz	e03472-E_S408_L001_R2_001.fastq.gz	23147	23147	22817	22817	22657	22657	15302	15296	15296
e03472-F-20240509	e03472-F-20240509	1	e03472-F_S491_L001_R1_001.fastq.gz	e03472-F_S491_L001_R2_001.fastq.gz	7608	7608	7494	7494	4280	4280	33	33	33
e03473-D-20240509	e03473-D-20240509	1	e03473-D_S326_L001_R1_001.fastq.gz	e03473-D_S326_L001_R2_001.fastq.gz	24852	24852	24512	24512	24408	24408	23370	23064	23064
e03473-E-20240509	e03473-E-20240509	1	e03473-E_S409_L001_R1_001.fastq.gz	e03473-E_S409_L001_R2_001.fastq.gz	33164	33164	32709	32709	32520	32520	31031	30573	30573
e03473-F-20240509	e03473-F-20240509	1	e03473-F_S492_L001_R1_001.fastq.gz	e03473-F_S492_L001_R2_001.fastq.gz	35486	35486	35040	35040	34872	34872	34111	33743	33743
e03474-D-20240509	e03474-D-20240509	1	e03474-D_S327_L001_R1_001.fastq.gz	e03474-D_S327_L001_R2_001.fastq.gz	33038	33038	32631	32631	32436	32436	31321	31025	31025
e03474-E-20240509	e03474-E-20240509	1	e03474-E_S410_L001_R1_001.fastq.gz	e03474-E_S410_L001_R2_001.fastq.gz	28591	28591	28176	28176	28000	28000	26172	25675	25675
e03474-F-20240509	e03474-F-20240509	1	e03474-F_S493_L001_R1_001.fastq.gz	e03474-F_S493_L001_R2_001.fastq.gz	30850	30850	30422	30422	30287	30287	29510	29090	29090
e03475-D-20240509	e03475-D-20240509	1	e03475-D_S328_L001_R1_001.fastq.gz	e03475-D_S328_L001_R2_001.fastq.gz	19346	19346	19046	19046	18931	18931	18242	18089	18089
e03475-E-20240509	e03475-E-20240509	1	e03475-E_S411_L001_R1_001.fastq.gz	e03475-E_S411_L001_R2_001.fastq.gz	26510	26510	26106	26106	25967	25967	25110	24820	24818
e03475-F-20240509	e03475-F-20240509	1	e03475-F_S494_L001_R1_001.fastq.gz	e03475-F_S494_L001_R2_001.fastq.gz	18842	18842	18613	18613	18332	18332	17838	17621	17621
e03476-D-20240509	e03476-D-20240509	1	e03476-D_S329_L001_R1_001.fastq.gz	e03476-D_S329_L001_R2_001.fastq.gz	49	49	46	46	46	46	22	22	22
e03476-E-20240509	e03476-E-20240509	1	e03476-E_S412_L001_R1_001.fastq.gz	e03476-E_S412_L001_R2_001.fastq.gz	131	131	123	123	107	107	72	72	72
e03476-F-20240509	e03476-F-20240509	1	e03476-F_S495_L001_R1_001.fastq.gz	e03476-F_S495_L001_R2_001.fastq.gz	128	128	123	123	72	72	23	22	22
e03477-D-20240509	e03477-D-20240509	1	e03477-D_S330_L001_R1_001.fastq.gz	e03477-D_S330_L001_R2_001.fastq.gz	22168	22168	21842	21842	21463	21463	19244	19205	19205
e03477-E-20240509	e03477-E-20240509	1	e03477-E_S413_L001_R1_001.fastq.gz	e03477-E_S413_L001_R2_001.fastq.gz	23644	23644	23334	23334	23167	23167	17695	17570	17570
e03477-F-20240509	e03477-F-20240509	1	e03477-F_S496_L001_R1_001.fastq.gz	e03477-F_S496_L001_R2_001.fastq.gz	13391	13391	13224	13224	12286	12286	8511	8511	8511
e03478-D-20240509	e03478-D-20240509	1	e03478-D_S331_L001_R1_001.fastq.gz	e03478-D_S331_L001_R2_001.fastq.gz	36091	36091	35606	35606	35129	35129	32694	32369	32369
e03478-E-20240509	e03478-E-20240509	1	e03478-E_S414_L001_R1_001.fastq.gz	e03478-E_S414_L001_R2_001.fastq.gz	30774	30774	30297	30297	29169	29169	24895	24875	24875
e03478-F-20240509	e03478-F-20240509	1	e03478-F_S497_L001_R1_001.fastq.gz	e03478-F_S497_L001_R2_001.fastq.gz	30307	30307	29915	29915	29669	29669	26153	25899	25899
e03479-D-20240509	e03479-D-20240509	1	e03479-D_S332_L001_R1_001.fastq.gz	e03479-D_S332_L001_R2_001.fastq.gz	5373	5373	5319	5319	5242	5242	11	11	11
e03479-E-20240509	e03479-E-20240509	1	e03479-E_S415_L001_R1_001.fastq.gz	e03479-E_S415_L001_R2_001.fastq.gz	8497	8497	8374	8374	8244	8244	11	9	9
e03479-F-20240509	e03479-F-20240509	1	e03479-F_S498_L001_R1_001.fastq.gz	e03479-F_S498_L001_R2_001.fastq.gz	15112	15112	14926	14926	14859	14859	11965	11907	11907
e03480-D-20240509	e03480-D-20240509	1	e03480-D_S333_L001_R1_001.fastq.gz	e03480-D_S333_L001_R2_001.fastq.gz	1995	1995	1961	1961	1948	1948	1863	1860	1860
e03480-E-20240509	e03480-E-20240509	1	e03480-E_S416_L001_R1_001.fastq.gz	e03480-E_S416_L001_R2_001.fastq.gz	1028	1028	1010	1010	1006	1006	848	845	845
e03480-F-20240509	e03480-F-20240509	1	e03480-F_S499_L001_R1_001.fastq.gz	e03480-F_S499_L001_R2_001.fastq.gz	1113	1113	1087	1087	1080	1080	993	980	980
e03481-D-20240509	e03481-D-20240509	1	e03481-D_S334_L001_R1_001.fastq.gz	e03481-D_S334_L001_R2_001.fastq.gz	23989	23989	23650	23650	23505	23505	15268	15249	15249
e03481-E-20240509	e03481-E-20240509	1	e03481-E_S417_L001_R1_001.fastq.gz	e03481-E_S417_L001_R2_001.fastq.gz	8885	8885	8739	8739	8597	8597	9	9	9
e03481-F-20240509	e03481-F-20240509	1	e03481-F_S500_L001_R1_001.fastq.gz	e03481-F_S500_L001_R2_001.fastq.gz	12798	12798	12609	12609	12551	12551	9930	9843	9843
e03482-D-20240509	e03482-D-20240509	1	e03482-D_S335_L001_R1_001.fastq.gz	e03482-D_S335_L001_R2_001.fastq.gz	5643	5643	5518	5518	5166	5166	30	30	30
e03482-E-20240509	e03482-E-20240509	1	e03482-E_S418_L001_R1_001.fastq.gz	e03482-E_S418_L001_R2_001.fastq.gz	14274	14274	14093	14093	9293	9293	5126	5103	5103
e03482-F-20240509	e03482-F-20240509	1	e03482-F_S501_L001_R1_001.fastq.gz	e03482-F_S501_L001_R2_001.fastq.gz	2429	2429	2395	2395	2313	2313	28	28	28
e03483-D-20240509	e03483-D-20240509	1	e03483-D_S336_L001_R1_001.fastq.gz	e03483-D_S336_L001_R2_001.fastq.gz	1180	1180	1159	1159	193	193	25	25	25
e03483-E-20240509	e03483-E-20240509	1	e03483-E_S419_L001_R1_001.fastq.gz	e03483-E_S419_L001_R2_001.fastq.gz	143	143	143	143	131	131	21	21	21
e03483-F-20240509	e03483-F-20240509	1	e03483-F_S502_L001_R1_001.fastq.gz	e03483-F_S502_L001_R2_001.fastq.gz	38	38	38	38	32	32	16	16	16
e03484-D-20240509	e03484-D-20240509	1	e03484-D_S338_L001_R1_001.fastq.gz	e03484-D_S338_L001_R2_001.fastq.gz	18305	18305	18044	18044	17930	17930	13772	13759	13759
e03484-E-20240509	e03484-E-20240509	1	e03484-E_S421_L001_R1_001.fastq.gz	e03484-E_S421_L001_R2_001.fastq.gz	11680	11680	11526	11526	11353	11353	22	22	22
e03484-F-20240509	e03484-F-20240509	1	e03484-F_S504_L001_R1_001.fastq.gz	e03484-F_S504_L001_R2_001.fastq.gz	5069	5069	4992	4992	4917	4917	23	23	23
e03485-D-20240509	e03485-D-20240509	1	e03485-D_S339_L001_R1_001.fastq.gz	e03485-D_S339_L001_R2_001.fastq.gz	51955	51955	51261	51261	51021	51021	48720	47719	47712
e03485-E-20240509	e03485-E-20240509	1	e03485-E_S422_L001_R1_001.fastq.gz	e03485-E_S422_L001_R2_001.fastq.gz	41326	41326	40749	40749	40425	40425	35336	34769	34769
e03485-F-20240509	e03485-F-20240509	1	e03485-F_S505_L001_R1_001.fastq.gz	e03485-F_S505_L001_R2_001.fastq.gz	40756	40756	40193	40193	40029	40029	38763	38344	38344
e03486-D-20240509	e03486-D-20240509	1	e03486-D_S340_L001_R1_001.fastq.gz	e03486-D_S340_L001_R2_001.fastq.gz	8131	8131	8001	8001	7467	7467	283	283	283
e03486-E-20240509	e03486-E-20240509	1	e03486-E_S423_L001_R1_001.fastq.gz	e03486-E_S423_L001_R2_001.fastq.gz	24520	24520	24140	24140	23733	23733	12953	12953	12953
e03486-F-20240509	e03486-F-20240509	1	e03486-F_S506_L001_R1_001.fastq.gz	e03486-F_S506_L001_R2_001.fastq.gz	16287	16287	16066	16066	15842	15842	8939	8937	8937
e03487-D-20240509	e03487-D-20240509	1	e03487-D_S341_L001_R1_001.fastq.gz	e03487-D_S341_L001_R2_001.fastq.gz	4525	4525	4463	4463	2736	2736	50	50	50
e03487-E-20240509	e03487-E-20240509	1	e03487-E_S424_L001_R1_001.fastq.gz	e03487-E_S424_L001_R2_001.fastq.gz	8125	8125	8026	8026	7720	7720	71	71	71
e03487-F-20240509	e03487-F-20240509	1	e03487-F_S507_L001_R1_001.fastq.gz	e03487-F_S507_L001_R2_001.fastq.gz	5559	5559	5480	5480	2908	2908	33	33	33
e03488-D-20240509	e03488-D-20240509	1	e03488-D_S342_L001_R1_001.fastq.gz	e03488-D_S342_L001_R2_001.fastq.gz	23451	23451	23131	23131	21236	21236	16762	16762	16762
e03488-E-20240509	e03488-E-20240509	1	e03488-E_S425_L001_R1_001.fastq.gz	e03488-E_S425_L001_R2_001.fastq.gz	12260	12260	12101	12101	11915	11915	47	47	47
e03488-F-20240509	e03488-F-20240509	1	e03488-F_S508_L001_R1_001.fastq.gz	e03488-F_S508_L001_R2_001.fastq.gz	5696	5696	5625	5625	5521	5521	27	27	27
e03489-D-20240509	e03489-D-20240509	1	e03489-D_S343_L001_R1_001.fastq.gz	e03489-D_S343_L001_R2_001.fastq.gz	8250	8250	8147	8147	6847	6847	14	14	14
e03489-E-20240509	e03489-E-20240509	1	e03489-E_S426_L001_R1_001.fastq.gz	e03489-E_S426_L001_R2_001.fastq.gz	12845	12845	12627	12627	12472	12472	6223	6223	6223
e03489-F-20240509	e03489-F-20240509	1	e03489-F_S509_L001_R1_001.fastq.gz	e03489-F_S509_L001_R2_001.fastq.gz	3871	3871	3814	3814	3737	3737	20	20	20
e03490-D-20240509	e03490-D-20240509	1	e03490-D_S344_L001_R1_001.fastq.gz	e03490-D_S344_L001_R2_001.fastq.gz	5166	5166	5080	5080	4930	4930	44	44	44
e03490-E-20240509	e03490-E-20240509	1	e03490-E_S427_L001_R1_001.fastq.gz	e03490-E_S427_L001_R2_001.fastq.gz	22044	22044	21734	21734	21561	21561	18279	17658	17658
e03490-F-20240509	e03490-F-20240509	1	e03490-F_S510_L001_R1_001.fastq.gz	e03490-F_S510_L001_R2_001.fastq.gz	27100	27100	26728	26728	26634	26634	25922	25530	25530
e03491-D-20240509	e03491-D-20240509	1	e03491-D_S345_L001_R1_001.fastq.gz	e03491-D_S345_L001_R2_001.fastq.gz	36498	36498	36034	36034	35922	35922	34979	34114	34114
e03491-E-20240509	e03491-E-20240509	1	e03491-E_S428_L001_R1_001.fastq.gz	e03491-E_S428_L001_R2_001.fastq.gz	22094	22094	21116	21116	20584	20584	17617	17565	17553
e03491-F-20240509	e03491-F-20240509	1	e03491-F_S511_L001_R1_001.fastq.gz	e03491-F_S511_L001_R2_001.fastq.gz	6151	6151	6057	6057	5965	5965	21	21	21
e03492-D-20240509	e03492-D-20240509	1	e03492-D_S346_L001_R1_001.fastq.gz	e03492-D_S346_L001_R2_001.fastq.gz	19569	19569	19254	19254	19174	19174	18317	18317	18317
e03492-E-20240509	e03492-E-20240509	1	e03492-E_S429_L001_R1_001.fastq.gz	e03492-E_S429_L001_R2_001.fastq.gz	18373	18373	18073	18073	17987	17987	14215	14214	14209
e03492-F-20240509	e03492-F-20240509	1	e03492-F_S512_L001_R1_001.fastq.gz	e03492-F_S512_L001_R2_001.fastq.gz	21361	21361	21008	21008	20929	20929	19481	19480	19480
e03493-D-20240509	e03493-D-20240509	1	e03493-D_S347_L001_R1_001.fastq.gz	e03493-D_S347_L001_R2_001.fastq.gz	316	316	303	303	34	34	27	27	27
e03493-E-20240509	e03493-E-20240509	1	e03493-E_S430_L001_R1_001.fastq.gz	e03493-E_S430_L001_R2_001.fastq.gz	87	87	87	87	73	73	46	46	46
e03493-F-20240509	e03493-F-20240509	1	e03493-F_S513_L001_R1_001.fastq.gz	e03493-F_S513_L001_R2_001.fastq.gz	177	177	175	175	44	44	30	30	30
e03494-D-20240509	e03494-D-20240509	1	e03494-D_S348_L001_R1_001.fastq.gz	e03494-D_S348_L001_R2_001.fastq.gz	32203	32203	31745	31745	31558	31558	30475	30364	30364
e03494-E-20240509	e03494-E-20240509	1	e03494-E_S431_L001_R1_001.fastq.gz	e03494-E_S431_L001_R2_001.fastq.gz	29958	29958	29509	29509	29294	29294	28187	27656	27656
e03494-F-20240509	e03494-F-20240509	1	e03494-F_S514_L001_R1_001.fastq.gz	e03494-F_S514_L001_R2_001.fastq.gz	26156	26156	25829	25829	25679	25679	25309	25309	25309
e03495-D-20240509	e03495-D-20240509	1	e03495-D_S349_L001_R1_001.fastq.gz	e03495-D_S349_L001_R2_001.fastq.gz	29953	29953	29530	29530	28816	28816	26552	26273	26273
e03495-E-20240509	e03495-E-20240509	1	e03495-E_S432_L001_R1_001.fastq.gz	e03495-E_S432_L001_R2_001.fastq.gz	20768	20768	20450	20450	20333	20333	18272	18142	18142
e03495-F-20240509	e03495-F-20240509	1	e03495-F_S515_L001_R1_001.fastq.gz	e03495-F_S515_L001_R2_001.fastq.gz	26085	26085	25715	25715	25547	25547	23980	23752	23744
e03496-D-20240509	e03496-D-20240509	1	e03496-D_S350_L001_R1_001.fastq.gz	e03496-D_S350_L001_R2_001.fastq.gz	50765	50765	50081	50081	49870	49870	48415	47818	47818
e03496-E-20240509	e03496-E-20240509	1	e03496-E_S433_L001_R1_001.fastq.gz	e03496-E_S433_L001_R2_001.fastq.gz	31247	31247	30804	30804	30511	30511	28426	28114	28114
e03496-F-20240509	e03496-F-20240509	1	e03496-F_S516_L001_R1_001.fastq.gz	e03496-F_S516_L001_R2_001.fastq.gz	32473	32473	32015	32015	31889	31889	29564	28909	28909
e03497-D-20240509	e03497-D-20240509	1	e03497-D_S351_L001_R1_001.fastq.gz	e03497-D_S351_L001_R2_001.fastq.gz	24754	24754	24414	24414	24072	24072	22234	22234	22234
e03497-E-20240509	e03497-E-20240509	1	e03497-E_S434_L001_R1_001.fastq.gz	e03497-E_S434_L001_R2_001.fastq.gz	7359	7359	7243	7243	7030	7030	75	75	75
e03497-F-20240509	e03497-F-20240509	1	e03497-F_S517_L001_R1_001.fastq.gz	e03497-F_S517_L001_R2_001.fastq.gz	2978	2978	2941	2941	2849	2849	24	24	24
e03498-D-20240509	e03498-D-20240509	1	e03498-D_S353_L001_R1_001.fastq.gz	e03498-D_S353_L001_R2_001.fastq.gz	11802	11802	11652	11652	11591	11591	10539	10539	10539
e03498-E-20240509	e03498-E-20240509	1	e03498-E_S436_L001_R1_001.fastq.gz	e03498-E_S436_L001_R2_001.fastq.gz	18389	18389	18102	18102	17962	17962	14523	14343	14343
e03498-F-20240509	e03498-F-20240509	1	e03498-F_S519_L001_R1_001.fastq.gz	e03498-F_S519_L001_R2_001.fastq.gz	18616	18616	18369	18369	14806	14806	12314	12307	12202
e03499-D-20240509	e03499-D-20240509	1	e03499-D_S354_L001_R1_001.fastq.gz	e03499-D_S354_L001_R2_001.fastq.gz	39422	39422	38872	38872	38778	38778	37869	37051	37051
e03499-E-20240509	e03499-E-20240509	1	e03499-E_S437_L001_R1_001.fastq.gz	e03499-E_S437_L001_R2_001.fastq.gz	31060	31060	30651	30651	30501	30501	26365	26213	26213
e03499-F-20240509	e03499-F-20240509	1	e03499-F_S520_L001_R1_001.fastq.gz	e03499-F_S520_L001_R2_001.fastq.gz	27314	27314	26926	26926	26840	26840	24568	24482	24482
e03500-D-20240509	e03500-D-20240509	1	e03500-D_S355_L001_R1_001.fastq.gz	e03500-D_S355_L001_R2_001.fastq.gz	113	113	104	104	85	85	11	11	11
e03500-E-20240509	e03500-E-20240509	1	e03500-E_S438_L001_R1_001.fastq.gz	e03500-E_S438_L001_R2_001.fastq.gz	113	113	108	108	75	75	36	36	36
e03500-F-20240509	e03500-F-20240509	1	e03500-F_S521_L001_R1_001.fastq.gz	e03500-F_S521_L001_R2_001.fastq.gz	433	433	349	349	25	25	10	9	9
e03501-D-20240509	e03501-D-20240509	1	e03501-D_S356_L001_R1_001.fastq.gz	e03501-D_S356_L001_R2_001.fastq.gz	26152	26152	25794	25794	25629	25629	23433	23413	23411
e03501-E-20240509	e03501-E-20240509	1	e03501-E_S439_L001_R1_001.fastq.gz	e03501-E_S439_L001_R2_001.fastq.gz	7372	7372	7269	7269	6925	6925	24	24	24
e03501-F-20240509	e03501-F-20240509	1	e03501-F_S522_L001_R1_001.fastq.gz	e03501-F_S522_L001_R2_001.fastq.gz	22697	22697	22347	22347	22188	22188	19893	19777	19777
e03502-D-20240509	e03502-D-20240509	1	e03502-D_S357_L001_R1_001.fastq.gz	e03502-D_S357_L001_R2_001.fastq.gz	5536	5536	5414	5414	5195	5195	7	7	7
e03502-E-20240509	e03502-E-20240509	1	e03502-E_S440_L001_R1_001.fastq.gz	e03502-E_S440_L001_R2_001.fastq.gz	7698	7698	7555	7555	7267	7267	22	22	22
e03502-F-20240509	e03502-F-20240509	1	e03502-F_S523_L001_R1_001.fastq.gz	e03502-F_S523_L001_R2_001.fastq.gz	4471	4471	4326	4326	4083	4083	10	10	10
e03503-D-20240509	e03503-D-20240509	1	e03503-D_S358_L001_R1_001.fastq.gz	e03503-D_S358_L001_R2_001.fastq.gz	9503	9503	9362	9362	9126	9126	18	18	18
e03503-E-20240509	e03503-E-20240509	1	e03503-E_S441_L001_R1_001.fastq.gz	e03503-E_S441_L001_R2_001.fastq.gz	8455	8455	8337	8337	8137	8137	30	30	27
e03503-F-20240509	e03503-F-20240509	1	e03503-F_S524_L001_R1_001.fastq.gz	e03503-F_S524_L001_R2_001.fastq.gz	20864	20864	20582	20582	20356	20356	16931	16923	16923
e03504-D-20240509	e03504-D-20240509	1	e03504-D_S359_L001_R1_001.fastq.gz	e03504-D_S359_L001_R2_001.fastq.gz	28049	28049	27662	27662	27546	27546	24952	24952	24946
e03504-E-20240509	e03504-E-20240509	1	e03504-E_S442_L001_R1_001.fastq.gz	e03504-E_S442_L001_R2_001.fastq.gz	22531	22531	22256	22256	22132	22132	18614	18512	18512
e03504-F-20240509	e03504-F-20240509	1	e03504-F_S525_L001_R1_001.fastq.gz	e03504-F_S525_L001_R2_001.fastq.gz	27497	27497	27126	27126	27041	27041	23963	23803	23803
e03505-D-20240509	e03505-D-20240509	1	e03505-D_S360_L001_R1_001.fastq.gz	e03505-D_S360_L001_R2_001.fastq.gz	199	199	193	193	172	172	129	128	128
e03505-E-20240509	e03505-E-20240509	1	e03505-E_S443_L001_R1_001.fastq.gz	e03505-E_S443_L001_R2_001.fastq.gz	22181	22181	21882	21882	21703	21703	17559	17559	17559
e03505-F-20240509	e03505-F-20240509	1	e03505-F_S526_L001_R1_001.fastq.gz	e03505-F_S526_L001_R2_001.fastq.gz	20006	20006	19740	19740	19660	19660	18936	18848	18848
e03506-D-20240509	e03506-D-20240509	1	e03506-D_S361_L001_R1_001.fastq.gz	e03506-D_S361_L001_R2_001.fastq.gz	24397	24397	24041	24041	23906	23906	21522	21340	21340
e03506-E-20240509	e03506-E-20240509	1	e03506-E_S444_L001_R1_001.fastq.gz	e03506-E_S444_L001_R2_001.fastq.gz	12901	12901	12710	12710	2159	2159	1780	1780	1780
e03506-F-20240509	e03506-F-20240509	1	e03506-F_S527_L001_R1_001.fastq.gz	e03506-F_S527_L001_R2_001.fastq.gz	13766	13766	13574	13574	13473	13473	12220	12109	12109
e03507-D-20240509	e03507-D-20240509	1	e03507-D_S362_L001_R1_001.fastq.gz	e03507-D_S362_L001_R2_001.fastq.gz	2435	2435	2406	2406	2399	2399	2342	2336	2336
e03507-E-20240509	e03507-E-20240509	1	e03507-E_S445_L001_R1_001.fastq.gz	e03507-E_S445_L001_R2_001.fastq.gz	35592	35592	35094	35094	34858	34858	31806	31493	31493
e03507-F-20240509	e03507-F-20240509	1	e03507-F_S528_L001_R1_001.fastq.gz	e03507-F_S528_L001_R2_001.fastq.gz	29328	29328	28965	28965	28890	28890	27352	26393	26393
e03508-D-20240509	e03508-D-20240509	1	e03508-D_S363_L001_R1_001.fastq.gz	e03508-D_S363_L001_R2_001.fastq.gz	40370	40370	39831	39831	39214	39214	37664	36785	36785
e03508-E-20240509	e03508-E-20240509	1	e03508-E_S446_L001_R1_001.fastq.gz	e03508-E_S446_L001_R2_001.fastq.gz	26298	26298	25979	25979	25751	25751	20635	20348	20347
e03508-F-20240509	e03508-F-20240509	1	e03508-F_S529_L001_R1_001.fastq.gz	e03508-F_S529_L001_R2_001.fastq.gz	25699	25699	25373	25373	25271	25271	23328	22599	22599
e03509-D-20240509	e03509-D-20240509	1	e03509-D_S365_L001_R1_001.fastq.gz	e03509-D_S365_L001_R2_001.fastq.gz	33193	33193	32689	32689	32501	32501	31374	31177	31177
e03509-E-20240509	e03509-E-20240509	1	e03509-E_S448_L001_R1_001.fastq.gz	e03509-E_S448_L001_R2_001.fastq.gz	20382	20382	20125	20125	18369	18369	15827	15785	15652
e03509-F-20240509	e03509-F-20240509	1	e03509-F_S531_L001_R1_001.fastq.gz	e03509-F_S531_L001_R2_001.fastq.gz	16858	16858	16620	16620	16471	16471	15453	15448	15448
e03510-D-20240509	e03510-D-20240509	1	e03510-D_S366_L001_R1_001.fastq.gz	e03510-D_S366_L001_R2_001.fastq.gz	7962	7962	7844	7844	152	152	64	64	64
e03510-E-20240509	e03510-E-20240509	1	e03510-E_S449_L001_R1_001.fastq.gz	e03510-E_S449_L001_R2_001.fastq.gz	137	137	133	133	122	122	63	62	62
e03510-F-20240509	e03510-F-20240509	1	e03510-F_S532_L001_R1_001.fastq.gz	e03510-F_S532_L001_R2_001.fastq.gz	64	64	61	61	48	48	29	29	29
e03511-D-20240509	e03511-D-20240509	1	e03511-D_S367_L001_R1_001.fastq.gz	e03511-D_S367_L001_R2_001.fastq.gz	5313	5313	5246	5246	5110	5110	25	25	25
e03511-E-20240509	e03511-E-20240509	1	e03511-E_S450_L001_R1_001.fastq.gz	e03511-E_S450_L001_R2_001.fastq.gz	25655	25655	25264	25264	2157	2157	255	255	255
e03511-F-20240509	e03511-F-20240509	1	e03511-F_S533_L001_R1_001.fastq.gz	e03511-F_S533_L001_R2_001.fastq.gz	24942	24942	24625	24625	24476	24476	23008	22842	22841
e03512-D-20240509	e03512-D-20240509	1	e03512-D_S368_L001_R1_001.fastq.gz	e03512-D_S368_L001_R2_001.fastq.gz	17163	17163	16887	16887	12894	12894	12410	12258	12258
e03512-E-20240509	e03512-E-20240509	1	e03512-E_S451_L001_R1_001.fastq.gz	e03512-E_S451_L001_R2_001.fastq.gz	8901	8901	8768	8768	8607	8607	7130	7119	7119
e03512-F-20240509	e03512-F-20240509	1	e03512-F_S534_L001_R1_001.fastq.gz	e03512-F_S534_L001_R2_001.fastq.gz	16147	16147	15929	15929	15843	15843	15206	15118	15118
e03513-D-20240509	e03513-D-20240509	1	e03513-D_S369_L001_R1_001.fastq.gz	e03513-D_S369_L001_R2_001.fastq.gz	3173	3173	3123	3123	3070	3070	24	24	24
e03513-E-20240509	e03513-E-20240509	1	e03513-E_S452_L001_R1_001.fastq.gz	e03513-E_S452_L001_R2_001.fastq.gz	18218	18218	17992	17992	17876	17876	15592	15550	15550
e03513-F-20240509	e03513-F-20240509	1	e03513-F_S535_L001_R1_001.fastq.gz	e03513-F_S535_L001_R2_001.fastq.gz	23122	23122	22808	22808	22653	22653	21820	21365	21365
NC-1-A-20240509	NC-1-A-20240509	1	NC-1-A_S9_L001_R1_001.fastq.gz	NC-1-A_S9_L001_R2_001.fastq.gz	928	928	905	905	29	29	10	10	10
NC-1-B-20240509	NC-1-B-20240509	1	NC-1-B_S105_L001_R1_001.fastq.gz	NC-1-B_S105_L001_R2_001.fastq.gz	24526	24526	24124	24124	170	170	37	37	37
NC-1-C-20240509	NC-1-C-20240509	1	NC-1-C_S201_L001_R1_001.fastq.gz	NC-1-C_S201_L001_R2_001.fastq.gz	25800	25800	25442	25442	221	221	13	13	13
NC-1-D-20240509	NC-1-D-20240509	1	NC-1-D_S297_L001_R1_001.fastq.gz	NC-1-D_S297_L001_R2_001.fastq.gz	91	91	89	89	18	18	3	3	3
NC-1-E-20240509	NC-1-E-20240509	1	NC-1-E_S380_L001_R1_001.fastq.gz	NC-1-E_S380_L001_R2_001.fastq.gz	99	99	98	98	40	40	3	3	3
NC-1-F-20240509	NC-1-F-20240509	1	NC-1-F_S463_L001_R1_001.fastq.gz	NC-1-F_S463_L001_R2_001.fastq.gz	135	135	109	109	11	11	1	1	1
NC-2-A-20240509	NC-2-A-20240509	1	NC-2-A_S24_L001_R1_001.fastq.gz	NC-2-A_S24_L001_R2_001.fastq.gz	6286	6286	6170	6170	21	21	2	2	2
NC-2-B-20240509	NC-2-B-20240509	1	NC-2-B_S120_L001_R1_001.fastq.gz	NC-2-B_S120_L001_R2_001.fastq.gz	13	13	10	10	4	4	1	1	1
NC-2-C-20240509	NC-2-C-20240509	1	NC-2-C_S216_L001_R1_001.fastq.gz	NC-2-C_S216_L001_R2_001.fastq.gz	500	500	491	491	5	5	0	0	0
NC-2-D-20240509	NC-2-D-20240509	1	NC-2-D_S312_L001_R1_001.fastq.gz	NC-2-D_S312_L001_R2_001.fastq.gz	29	29	28	28	4	4	0	0	0
NC-2-E-20240509	NC-2-E-20240509	1	NC-2-E_S395_L001_R1_001.fastq.gz	NC-2-E_S395_L001_R2_001.fastq.gz	1273	1273	1242	1242	4	4	0	0	0
NC-2-F-20240509	NC-2-F-20240509	1	NC-2-F_S478_L001_R1_001.fastq.gz	NC-2-F_S478_L001_R2_001.fastq.gz	18	18	16	16	4	4	1	1	1
NC-3-A-20240509	NC-3-A-20240509	1	NC-3-A_S36_L001_R1_001.fastq.gz	NC-3-A_S36_L001_R2_001.fastq.gz	191	191	188	188	2	2	0	0	0
NC-3-B-20240509	NC-3-B-20240509	1	NC-3-B_S132_L001_R1_001.fastq.gz	NC-3-B_S132_L001_R2_001.fastq.gz	10	10	8	8	3	3	0	0	0
NC-3-C-20240509	NC-3-C-20240509	1	NC-3-C_S228_L001_R1_001.fastq.gz	NC-3-C_S228_L001_R2_001.fastq.gz	9	9	8	8	2	2	0	0	0
NC-3-D-20240509	NC-3-D-20240509	1	NC-3-D_S318_L001_R1_001.fastq.gz	NC-3-D_S318_L001_R2_001.fastq.gz	56	56	54	54	27	27	21	21	21
NC-3-E-20240509	NC-3-E-20240509	1	NC-3-E_S401_L001_R1_001.fastq.gz	NC-3-E_S401_L001_R2_001.fastq.gz	60	60	59	59	50	50	42	42	42
NC-3-F-20240509	NC-3-F-20240509	1	NC-3-F_S484_L001_R1_001.fastq.gz	NC-3-F_S484_L001_R2_001.fastq.gz	207	207	197	197	17	17	16	15	15
NC-4-A-20240509	NC-4-A-20240509	1	NC-4-A_S49_L001_R1_001.fastq.gz	NC-4-A_S49_L001_R2_001.fastq.gz	1329	1329	1291	1291	18	18	0	0	0
NC-4-B-20240509	NC-4-B-20240509	1	NC-4-B_S145_L001_R1_001.fastq.gz	NC-4-B_S145_L001_R2_001.fastq.gz	30	30	28	28	5	5	3	3	3
NC-4-C-20240509	NC-4-C-20240509	1	NC-4-C_S241_L001_R1_001.fastq.gz	NC-4-C_S241_L001_R2_001.fastq.gz	15670	15670	15447	15447	58	58	0	0	0
NC-4-D-20240509	NC-4-D-20240509	1	NC-4-D_S324_L001_R1_001.fastq.gz	NC-4-D_S324_L001_R2_001.fastq.gz	2661	2661	2604	2604	17	17	0	0	0
NC-4-E-20240509	NC-4-E-20240509	1	NC-4-E_S407_L001_R1_001.fastq.gz	NC-4-E_S407_L001_R2_001.fastq.gz	6	6	6	6	4	4	0	0	0
NC-4-F-20240509	NC-4-F-20240509	1	NC-4-F_S490_L001_R1_001.fastq.gz	NC-4-F_S490_L001_R2_001.fastq.gz	2	2	2	2	1	1	0	0	0
NC-5-A-20240509	NC-5-A-20240509	1	NC-5-A_S64_L001_R1_001.fastq.gz	NC-5-A_S64_L001_R2_001.fastq.gz	6444	6444	6342	6342	46	46	1	1	1
NC-5-B-20240509	NC-5-B-20240509	1	NC-5-B_S160_L001_R1_001.fastq.gz	NC-5-B_S160_L001_R2_001.fastq.gz	19	19	19	19	12	12	7	7	7
NC-5-C-20240509	NC-5-C-20240509	1	NC-5-C_S256_L001_R1_001.fastq.gz	NC-5-C_S256_L001_R2_001.fastq.gz	11	11	11	11	4	4	3	3	3
NC-5-D-20240509	NC-5-D-20240509	1	NC-5-D_S337_L001_R1_001.fastq.gz	NC-5-D_S337_L001_R2_001.fastq.gz	36	36	36	36	7	7	0	0	0
NC-5-E-20240509	NC-5-E-20240509	1	NC-5-E_S420_L001_R1_001.fastq.gz	NC-5-E_S420_L001_R2_001.fastq.gz	49	49	42	42	8	8	0	0	0
NC-5-F-20240509	NC-5-F-20240509	1	NC-5-F_S503_L001_R1_001.fastq.gz	NC-5-F_S503_L001_R2_001.fastq.gz	42	42	40	40	5	5	3	3	3
NC-6-A-20240509	NC-6-A-20240509	1	NC-6-A_S76_L001_R1_001.fastq.gz	NC-6-A_S76_L001_R2_001.fastq.gz	41	41	39	39	2	2	1	1	1
NC-6-B-20240509	NC-6-B-20240509	1	NC-6-B_S172_L001_R1_001.fastq.gz	NC-6-B_S172_L001_R2_001.fastq.gz	168	168	165	165	5	5	0	0	0
NC-6-C-20240509	NC-6-C-20240509	1	NC-6-C_S268_L001_R1_001.fastq.gz	NC-6-C_S268_L001_R2_001.fastq.gz	2	2	1	1	0	0	0	0	0
NC-6-D-20240509	NC-6-D-20240509	1	NC-6-D_S352_L001_R1_001.fastq.gz	NC-6-D_S352_L001_R2_001.fastq.gz	380	380	375	375	6	6	0	0	0
NC-6-E-20240509	NC-6-E-20240509	1	NC-6-E_S435_L001_R1_001.fastq.gz	NC-6-E_S435_L001_R2_001.fastq.gz	77	77	76	76	12	12	2	2	2
NC-6-F-20240509	NC-6-F-20240509	1	NC-6-F_S518_L001_R1_001.fastq.gz	NC-6-F_S518_L001_R2_001.fastq.gz	75	75	74	74	7	7	2	2	2
NC-7-A-20240509	NC-7-A-20240509	1	NC-7-A_S89_L001_R1_001.fastq.gz	NC-7-A_S89_L001_R2_001.fastq.gz	393	393	380	380	21	21	12	12	12
NC-7-B-20240509	NC-7-B-20240509	1	NC-7-B_S185_L001_R1_001.fastq.gz	NC-7-B_S185_L001_R2_001.fastq.gz	411	411	400	400	20	20	13	13	13
NC-7-C-20240509	NC-7-C-20240509	1	NC-7-C_S281_L001_R1_001.fastq.gz	NC-7-C_S281_L001_R2_001.fastq.gz	6657	6657	6585	6585	63	63	23	23	23
NC-7-D-20240509	NC-7-D-20240509	1	NC-7-D_S364_L001_R1_001.fastq.gz	NC-7-D_S364_L001_R2_001.fastq.gz	57	57	56	56	2	2	0	0	0
NC-7-E-20240509	NC-7-E-20240509	1	NC-7-E_S447_L001_R1_001.fastq.gz	NC-7-E_S447_L001_R2_001.fastq.gz	4	4	4	4	3	3	0	0	0
NC-7-F-20240509	NC-7-F-20240509	1	NC-7-F_S530_L001_R1_001.fastq.gz	NC-7-F_S530_L001_R2_001.fastq.gz	591	591	580	580	7	7	0	0	0
PC-A-20240509	PC-A-20240509	1	PC-A_S96_L001_R1_001.fastq.gz	PC-A_S96_L001_R2_001.fastq.gz	26439	26439	26024	26024	25901	25901	25778	25778	25778
PC-B-20240509	PC-B-20240509	1	PC-B_S192_L001_R1_001.fastq.gz	PC-B_S192_L001_R2_001.fastq.gz	18606	18606	18324	18324	18228	18228	18147	18147	18147
PC-C-20240509	PC-C-20240509	1	PC-C_S288_L001_R1_001.fastq.gz	PC-C_S288_L001_R2_001.fastq.gz	14028	14028	13771	13771	13723	13723	13658	13658	13658
PC-D-20240509	PC-D-20240509	1	PC-D_S371_L001_R1_001.fastq.gz	PC-D_S371_L001_R2_001.fastq.gz	22267	22267	21902	21902	21773	21773	21633	21633	21633
PC-E-20240509	PC-E-20240509	1	PC-E_S454_L001_R1_001.fastq.gz	PC-E_S454_L001_R2_001.fastq.gz	21732	21732	21332	21332	21199	21199	21067	21067	21067
PC-F-20240509	PC-F-20240509	1	PC-F_S537_L001_R1_001.fastq.gz	PC-F_S537_L001_R2_001.fastq.gz	19725	19725	19400	19400	19298	19298	19221	19221	19221
